-- --------------------------------------------------------
-- Host:                         127.0.0.1
-- Server version:               10.1.10-MariaDB - mariadb.org binary distribution
-- Server OS:                    Win32
-- HeidiSQL Version:             9.3.0.4984
-- --------------------------------------------------------

/*!40101 SET @OLD_CHARACTER_SET_CLIENT=@@CHARACTER_SET_CLIENT */;
/*!40101 SET NAMES utf8mb4 */;
/*!40014 SET @OLD_FOREIGN_KEY_CHECKS=@@FOREIGN_KEY_CHECKS, FOREIGN_KEY_CHECKS=0 */;
/*!40101 SET @OLD_SQL_MODE=@@SQL_MODE, SQL_MODE='NO_AUTO_VALUE_ON_ZERO' */;

-- Dumping structure for table moph.cmidata
DROP TABLE IF EXISTS `cmidata`;
CREATE TABLE IF NOT EXISTS `cmidata` (
  `hospcode` varchar(10) NOT NULL,
  `hospname` varchar(255) DEFAULT NULL,
  `chwcode` varchar(2) DEFAULT NULL,
  `chwname` varchar(255) DEFAULT NULL,
  `cntm10` decimal(42,0) DEFAULT NULL,
  `adjm10` decimal(55,4) DEFAULT NULL,
  `cntm11` decimal(42,0) DEFAULT NULL,
  `adjm11` decimal(55,4) DEFAULT NULL,
  `cntm12` decimal(42,0) DEFAULT NULL,
  `adjm12` decimal(55,4) DEFAULT NULL,
  `cntm01` decimal(42,0) DEFAULT NULL,
  `adjm01` decimal(55,4) DEFAULT NULL,
  `cntm02` decimal(42,0) DEFAULT NULL,
  `adjm02` decimal(55,4) DEFAULT NULL,
  `cntm03` decimal(42,0) DEFAULT NULL,
  `adjm03` decimal(55,4) DEFAULT NULL,
  `cntm04` decimal(42,0) DEFAULT NULL,
  `adjm04` decimal(55,4) DEFAULT NULL,
  `cntm05` decimal(42,0) DEFAULT NULL,
  `adjm05` decimal(55,4) DEFAULT NULL,
  `cntm06` decimal(42,0) DEFAULT NULL,
  `adjm06` decimal(55,4) DEFAULT NULL,
  `cntm07` decimal(42,0) DEFAULT NULL,
  `adjm07` decimal(55,4) DEFAULT NULL,
  `cntm08` decimal(42,0) DEFAULT NULL,
  `adjm08` decimal(55,4) DEFAULT NULL,
  `cntm09` decimal(42,0) DEFAULT NULL,
  `adjm09` decimal(55,4) DEFAULT NULL,
  `cntm99` decimal(42,0) DEFAULT NULL,
  `adjm99` decimal(55,4) DEFAULT NULL,
  PRIMARY KEY (`hospcode`),
  KEY `chwcode` (`chwcode`)
) ENGINE=MyISAM DEFAULT CHARSET=tis620;

-- Dumping data for table moph.cmidata: 65 rows
/*!40000 ALTER TABLE `cmidata` DISABLE KEYS */;
INSERT INTO `cmidata` (`hospcode`, `hospname`, `chwcode`, `chwname`, `cntm10`, `adjm10`, `cntm11`, `adjm11`, `cntm12`, `adjm12`, `cntm01`, `adjm01`, `cntm02`, `adjm02`, `cntm03`, `adjm03`, `cntm04`, `adjm04`, `cntm05`, `adjm05`, `cntm06`, `adjm06`, `cntm07`, `adjm07`, `cntm08`, `adjm08`, `cntm09`, `adjm09`, `cntm99`, `adjm99`) VALUES
	('10677', 'รพ.ราชบุรี', '70', 'ราชบุรี', 3804, 6293.8290, 3567, 6169.2078, 3687, 6533.8307, 3416, 6030.2766, 3344, 5860.5771, 3572, 6194.2209, 3267, 5434.1672, 3500, 6096.7209, 3679, 5814.5946, 3992, 6459.9980, 3806, 6072.0022, 3964, 7496.7475, 43598, 74456.1725),
	('10678', 'รพ.เจ้าพระยายมราช', '72', 'สุพรรณบุรี', 3306, 5040.1585, 3207, 4685.2409, 3078, 4754.4404, 3022, 4554.3142, 2857, 4808.3222, 3211, 5003.9622, 2963, 4412.0264, 3037, 4421.2000, 3043, 4689.6300, 3226, 4875.9935, 3285, 4916.9160, 3378, 4977.6898, 37613, 57139.8941),
	('10679', 'รพ.นครปฐม', '73', 'นครปฐม', 4596, 7522.9182, 4307, 7032.7244, 4257, 7133.9047, 4361, 7140.5354, 3923, 6405.5471, 4519, 7609.4131, 4315, 6725.6718, 4453, 6710.8787, 4487, 7435.7070, 4780, 7328.2564, 4576, 7204.7070, 4683, 7264.6727, 53257, 85514.9365),
	('10728', 'รพ.ดำเนินสะดวก', '70', 'ราชบุรี', 946, 1095.9115, 888, 980.2640, 917, 948.4214, 842, 999.8903, 749, 870.3070, 923, 879.6427, 805, 818.1313, 840, 863.8068, 850, 833.4081, 959, 1075.3439, 950, 1104.5380, 1076, 1005.4776, 10745, 11475.1426),
	('10729', 'รพ.บ้านโป่ง', '70', 'ราชบุรี', 1747, 1790.4805, 1597, 1479.6153, 1635, 1687.6132, 1445, 1548.5604, 1462, 1542.7902, 1667, 1738.3916, 1667, 1533.8706, 1598, 1640.9908, 1646, 1576.5348, 1823, 1754.6440, 1704, 1622.8637, 1758, 1569.8211, 19749, 19486.1762),
	('10730', 'รพ.โพธาราม', '70', 'ราชบุรี', 1167, 1182.8559, 1171, 1269.2403, 1068, 1165.5813, 1003, 1159.9206, 993, 1055.1332, 1187, 1281.2805, 1166, 1292.3696, 1174, 1308.8288, 1248, 1304.3064, 1237, 1256.5200, 1371, 1368.0538, 1357, 1335.9950, 14142, 14980.0854),
	('10731', 'รพ.พหลพลพยุหเสนา', '71', 'กาญจนบุรี', 3009, 4186.7835, 2908, 3987.0010, 3015, 4061.1954, 2886, 4355.1493, 2635, 3828.1285, 2986, 4182.6835, 2770, 4158.2344, 2923, 3890.8808, 2923, 4079.2363, 3012, 4192.9943, 2988, 4223.8454, 3153, 4438.5614, 35208, 49584.6938),
	('10732', 'รพ.มะการักษ์', '71', 'กาญจนบุรี', 1361, 1635.5066, 1254, 1371.6563, 1342, 1684.7431, 1219, 1525.5179, 1108, 1313.5890, 1254, 1637.3861, 1153, 1392.7138, 1319, 1774.9879, 1248, 1573.7758, 1442, 1625.8752, 1418, 1472.1204, 1425, 1613.1754, 15543, 18621.0475),
	('10733', 'รพ.สมเด็จพระสังฆราชองค์ที่17', '72', 'สุพรรณบุรี', 1309, 1575.9024, 1312, 1625.0547, 1298, 1614.5756, 1250, 1551.1224, 1204, 1492.5039, 1375, 1674.8142, 1214, 1486.8389, 1337, 1527.4615, 1333, 1624.6041, 1279, 1541.8085, 1284, 1528.2640, 1521, 1772.4365, 15716, 19015.3867),
	('10734', 'รพ.สมุทรสาคร', '74', 'สมุทรสาคร', 4144, 4282.1791, 3973, 3849.8828, 3900, 4169.5498, 3738, 3951.0157, 3209, 3366.3320, 3793, 4119.7718, 3644, 3587.6572, 3745, 3703.3614, 3746, 3618.8264, 4030, 4220.6941, 3969, 4039.3431, 4293, 4251.4048, 46184, 47160.0182),
	('10735', 'รพ.สมเด็จพระพุทธเลิศหล้า', '75', 'สมุทรสงคราม', 1576, 1885.4397, 1485, 1661.5087, 1315, 1632.2576, 1361, 1558.8576, 1266, 1583.4562, 1486, 1650.2432, 1396, 1476.9646, 1463, 1534.3846, 1505, 1608.9038, 1554, 1877.6879, 1517, 1763.1947, 1561, 1761.0475, 17485, 19993.9461),
	('10736', 'รพ.พระจอมเกล้า', '76', 'เพชรบุรี', 2614, 3064.4117, 2552, 2976.9031, 2633, 3190.1083, 2537, 3061.0197, 2450, 2834.6750, 2595, 3018.4768, 2345, 2799.4293, 2606, 2932.1079, 2900, 3027.7336, 3154, 3279.2153, 2819, 3177.3390, 2785, 3213.2034, 31990, 36574.6231),
	('10737', 'รพ.ประจวบคีรีขันธ์', '77', 'ประจวบคีรีขันธ์', 1283, 1639.5426, 1203, 1453.7057, 1159, 1480.9175, 1059, 1410.7805, 957, 1216.9753, 1117, 1382.0899, 1030, 1289.7648, 1120, 1501.3386, 1095, 1349.2962, 1198, 1364.2644, 1073, 1340.0631, 1185, 1441.9582, 13479, 16870.6968),
	('11273', 'รพ.สวนผึ้ง', '70', 'ราชบุรี', 382, 204.7581, 408, 218.2562, 399, 188.1228, 370, 183.1063, 352, 156.4222, 395, 198.4856, 379, 159.5503, 362, 168.3409, 391, 198.9481, 401, 183.0780, 424, 197.5333, 348, 150.6591, 4611, 2207.2609),
	('11274', 'รพ.บางแพ', '70', 'ราชบุรี', 173, 103.0054, 149, 123.9187, 161, 113.0770, 135, 94.7096, 144, 92.7634, 166, 101.1281, 168, 97.5442, 219, 122.0893, 197, 108.9374, 217, 143.0429, 198, 118.9361, 223, 120.2631, 2150, 1339.4152),
	('11275', 'รพ.เจ็ดเสมียน', '70', 'ราชบุรี', 105, 56.7418, 98, 47.1694, 96, 57.7279, 94, 49.7809, 81, 47.9233, 95, 56.0869, 102, 62.0297, 153, 85.0050, 163, 67.7567, 203, 93.4580, 184, 94.6451, 178, 85.7362, 1552, 804.0609),
	('11276', 'รพ.ปากท่อ', '70', 'ราชบุรี', 459, 248.0676, 453, 237.0901, 371, 190.7615, 378, 240.1991, 389, 209.3188, 416, 227.9649, 396, 252.9281, 422, 224.0528, 500, 260.6580, 538, 300.5576, 570, 298.8854, 608, 326.9882, 5500, 3017.4721),
	('11277', 'รพ.วัดเพลง', '70', 'ราชบุรี', 81, 56.3962, 109, 75.8420, 87, 57.5745, 87, 64.4301, 91, 65.8530, 99, 70.4729, 82, 59.5342, 90, 59.8301, 102, 75.5587, 87, 56.3406, 106, 58.8164, 135, 79.1778, 1156, 779.8265),
	('11278', 'รพ.ไทรโยค', '71', 'กาญจนบุรี', 380, 189.9609, 331, 175.4233, 329, 184.2609, 334, 164.3420, 313, 163.9707, 399, 223.5725, 396, 208.2901, 383, 194.0481, 374, 199.9429, 365, 191.0691, 345, 161.9650, 377, 194.2507, 4326, 2251.0962),
	('11279', 'รพ.สมเด็จพระปิยะมหาราชรมณียเขต', '71', 'กาญจนบุรี', 142, 70.1253, 124, 55.6914, 122, 57.5287, 163, 72.0995, 155, 80.5402, 201, 86.8739, 168, 80.5340, 173, 82.0648, 192, 77.4730, 240, 95.8827, 248, 97.3673, 194, 76.7431, 2122, 932.9239),
	('11280', 'รพ.บ่อพลอย', '71', 'กาญจนบุรี', 542, 308.5161, 479, 248.1100, 447, 255.3588, 452, 228.7199, 407, 225.6433, 465, 266.2330, 439, 253.9479, 423, 264.5793, 469, 259.4606, 508, 280.0730, 448, 280.6791, 463, 264.3124, 5542, 3135.6334),
	('11281', 'รพ.ท่ากระดาน', '71', 'กาญจนบุรี', 99, 52.8881, 110, 53.5570, 93, 51.2562, 103, 62.2014, 108, 63.5020, 135, 68.2315, 136, 62.7368, 171, 131.8753, 120, 55.7045, 139, 61.9866, 142, 62.5959, 117, 58.7895, 1473, 785.3248),
	('11282', 'รพ.สมเด็จพระสังฆราชองค์ที่19', '71', 'กาญจนบุรี', 1055, 811.7888, 985, 697.9951, 1062, 844.2506, 904, 709.0906, 885, 644.3020, 1004, 764.1291, 894, 696.0126, 969, 736.2643, 909, 642.1869, 1076, 787.3496, 1038, 774.9611, 1076, 692.6581, 11857, 8800.9888),
	('11283', 'รพ.ทองผาภูมิ', '71', 'กาญจนบุรี', 529, 302.9128, 533, 285.9557, 532, 288.2018, 474, 262.2904, 467, 292.3183, 591, 367.2869, 527, 318.7640, 558, 335.3600, 586, 360.4348, 633, 380.7451, 570, 342.7271, 598, 379.3928, 6598, 3916.3897),
	('11284', 'รพ.สังขละบุรี', '71', 'กาญจนบุรี', 243, 114.8263, 195, 96.3997, 238, 116.2210, 217, 107.7593, 219, 101.6564, 268, 140.1175, 266, 136.1465, 285, 129.4342, 353, 180.5186, 326, 158.2467, 285, 144.2754, 310, 157.8742, 3205, 1583.4758),
	('11285', 'รพ.เจ้าคุณไพบูลย์พนมทวน', '71', 'กาญจนบุรี', 362, 184.6529, 302, 157.6024, 317, 171.4329, 304, 167.1684, 286, 144.6765, 333, 168.1110, 336, 166.4010, 386, 224.6989, 344, 186.1513, 364, 176.4982, 397, 183.1632, 445, 215.4485, 4176, 2146.0052),
	('11286', 'รพ.เลาขวัญ', '71', 'กาญจนบุรี', 305, 143.9056, 233, 117.1253, 252, 126.6908, 247, 143.9392, 261, 137.1615, 282, 137.9615, 268, 128.1474, 292, 144.0761, 282, 149.4303, 279, 147.5705, 280, 154.9413, 300, 155.5474, 3281, 1686.4969),
	('11287', 'รพ.ด่านมะขามเตี้ย', '71', 'กาญจนบุรี', 232, 101.0562, 239, 112.2777, 220, 94.3575, 223, 103.9912, 218, 92.9383, 234, 97.9517, 257, 111.8398, 285, 124.6771, 313, 130.0335, 325, 146.3401, 297, 125.8804, 320, 155.4097, 3163, 1396.7532),
	('11288', 'รพ.สถานพระบารมี', '71', 'กาญจนบุรี', 120, 54.3832, 123, 55.5515, 121, 53.2394, 137, 66.9539, 140, 74.0319, 121, 63.7831, 169, 83.0848, 158, 72.6413, 162, 80.6380, 205, 91.1712, 156, 72.3741, 157, 76.1098, 1769, 843.9622),
	('11289', 'รพ.เดิมบางนางบวช', '72', 'สุพรรณบุรี', 601, 594.9759, 648, 662.7943, 623, 586.1665, 627, 657.6656, 547, 561.0684, 717, 782.5712, 631, 649.7406, 722, 704.5848, 722, 713.1341, 717, 660.9274, 705, 728.3864, 728, 673.4781, 7988, 7975.4933),
	('11290', 'รพ.ด่านช้าง', '72', 'สุพรรณบุรี', 558, 455.1092, 524, 441.6449, 525, 491.6184, 527, 431.4760, 537, 436.0177, 575, 487.4587, 529, 385.4571, 549, 392.3086, 545, 428.5093, 552, 409.6677, 583, 421.1956, 594, 412.5461, 6598, 5193.0093),
	('11291', 'รพ.บางปลาม้า', '72', 'สุพรรณบุรี', 399, 256.4038, 420, 275.1610, 382, 218.2361, 420, 250.7603, 385, 258.0774, 429, 305.1003, 394, 261.8121, 443, 287.6548, 375, 281.6948, 422, 268.3233, 383, 243.6288, 412, 281.5296, 4864, 3188.3823),
	('11292', 'รพ.ศรีประจันต์', '72', 'สุพรรณบุรี', 353, 240.5780, 311, 221.7877, 361, 270.1861, 320, 257.3575, 322, 233.1939, 302, 235.2174, 343, 249.3348, 352, 259.9401, 363, 288.2915, 381, 249.2633, 351, 252.5056, 379, 277.8772, 4138, 3035.5331),
	('11293', 'รพ.ดอนเจดีย์', '72', 'สุพรรณบุรี', 313, 196.7920, 272, 170.8171, 284, 214.6871, 273, 181.3410, 267, 195.4092, 276, 173.5653, 278, 190.8122, 360, 252.9306, 324, 225.3489, 344, 202.9661, 340, 240.7286, 373, 246.5902, 3704, 2491.9883),
	('11294', 'รพ.สามชุก', '72', 'สุพรรณบุรี', 270, 223.5911, 283, 230.3856, 276, 215.5655, 267, 200.9271, 297, 229.2115, 270, 233.9171, 292, 232.7611, 331, 252.6092, 338, 221.2198, 344, 207.2213, 343, 245.0533, 375, 230.4806, 3686, 2722.9432),
	('11295', 'รพ.อู่ทอง', '72', 'สุพรรณบุรี', 830, 634.1903, 778, 641.6458, 809, 646.7326, 772, 645.5483, 735, 693.2800, 754, 616.8616, 694, 495.0601, 766, 595.2023, 796, 714.7491, 826, 624.1252, 829, 655.1501, 841, 567.4612, 9430, 7530.0066),
	('11296', 'รพ.หนองหญ้าไซ', '72', 'สุพรรณบุรี', 347, 204.8243, 330, 181.4639, 308, 171.7086, 295, 193.5473, 311, 186.5636, 311, 191.2413, 292, 190.3900, 284, 203.2365, 292, 195.3177, 328, 226.0503, 287, 192.7733, 329, 216.3357, 3714, 2353.4525),
	('11297', 'รพ.กำแพงแสน', '73', 'นครปฐม', 725, 380.2790, 728, 422.0565, 738, 431.6656, 649, 372.2350, 638, 368.1642, 763, 459.7282, 667, 381.9583, 770, 427.3574, 690, 355.8126, 859, 444.1480, 798, 405.4933, 910, 476.1256, 8935, 4925.0237),
	('11298', 'รพ.นครชัยศรี', '73', 'นครปฐม', 362, 205.5011, 325, 171.8758, 357, 186.7776, 318, 171.8145, 338, 226.5166, 331, 206.4313, 288, 181.1769, 298, 186.5854, 274, 172.4387, 268, 151.7993, 256, 144.6691, 304, 182.8113, 3719, 2188.3976),
	('11299', 'รพ.ห้วยพลู', '73', 'นครปฐม', 371, 164.9335, 356, 166.0051, 314, 145.2613, 359, 183.2920, 278, 129.6266, 313, 153.3158, 316, 160.8785, 304, 134.3572, 354, 176.0090, 413, 184.4029, 385, 170.7713, 396, 193.6032, 4159, 1962.4564),
	('11300', 'รพ.ดอนตูม', '73', 'นครปฐม', 257, 116.4975, 281, 126.1206, 281, 126.3079, 274, 138.4955, 220, 108.9663, 247, 109.3248, 252, 103.4433, 285, 145.8269, 285, 144.0205, 289, 127.3458, 283, 127.5318, 310, 137.2222, 3264, 1511.1031),
	('11301', 'รพ.บางเลน', '73', 'นครปฐม', 323, 144.5350, 337, 151.4084, 313, 150.0514, 336, 176.7670, 308, 167.4145, 348, 177.2026, 352, 160.6909, 331, 159.0110, 383, 168.7590, 375, 168.5670, 340, 153.3816, 371, 181.0968, 4117, 1958.8852),
	('11302', 'รพ.สามพราน', '73', 'นครปฐม', 902, 574.9004, 746, 480.6663, 855, 530.0204, 871, 612.8632, 844, 561.9855, 828, 584.8945, 778, 517.5983, 738, 528.0501, 797, 602.9687, 838, 628.0106, 831, 545.8470, 846, 561.3107, 9874, 6729.1157),
	('11303', 'รพ.พุทธมณฑล', '73', 'นครปฐม', 287, 138.4079, 262, 113.6466, 239, 111.2590, 223, 107.6131, 273, 123.8376, 231, 109.9493, 250, 121.2443, 256, 138.5304, 224, 102.5554, 274, 127.3332, 293, 126.2543, 283, 118.7856, 3095, 1439.4167),
	('11304', 'รพ.กระทุ่มแบน', '74', 'สมุทรสาคร', 1632, 1561.9855, 1560, 1397.4768, 1549, 1543.2740, 1374, 1370.5265, 1414, 1358.0212, 1607, 1481.7380, 1455, 1305.0473, 1664, 1628.1801, 1603, 1490.9446, 1658, 1670.2365, 1474, 1381.4763, 1623, 1664.0575, 18613, 17852.9643),
	('11306', 'รพ.นภาลัย', '75', 'สมุทรสงคราม', 241, 204.1862, 202, 173.0818, 220, 162.3891, 187, 176.4724, 187, 142.3612, 212, 163.0248, 181, 141.9713, 225, 167.1548, 239, 205.1766, 270, 196.5619, 292, 204.9523, 296, 230.0229, 2752, 2167.3553),
	('11307', 'รพ.อัมพวา', '75', 'สมุทรสงคราม', 108, 62.4755, 116, 72.2640, 113, 70.4468, 103, 77.8720, 107, 72.3495, 0, 0.0000, 0, 0.0000, 0, 0.0000, 0, 0.0000, 0, 0.0000, 0, 0.0000, 0, 0.0000, 547, 355.4078),
	('11308', 'รพ.เขาย้อย', '76', 'เพชรบุรี', 226, 119.5372, 245, 138.8349, 218, 126.2571, 195, 97.9279, 172, 103.2485, 197, 117.6276, 200, 119.4821, 186, 100.1396, 189, 114.2182, 212, 127.4421, 237, 156.0179, 237, 140.6634, 2514, 1461.3965),
	('11309', 'รพ.หนองหญ้าปล้อง', '76', 'เพชรบุรี', 102, 50.7241, 95, 49.6046, 76, 35.9726, 82, 45.1796, 95, 47.3856, 125, 72.6999, 97, 52.7994, 104, 52.1881, 108, 56.9813, 121, 57.5793, 119, 59.6587, 120, 58.9028, 1244, 639.6760),
	('11310', 'รพ.ชะอำ', '76', 'เพชรบุรี', 508, 271.3722, 572, 290.8956, 616, 323.7941, 547, 289.7122, 520, 281.4320, 534, 268.1166, 521, 237.3536, 616, 309.5138, 603, 288.9651, 636, 310.7088, 591, 307.0842, 596, 292.5242, 6860, 3471.4724),
	('11311', 'รพ.ท่ายาง', '76', 'เพชรบุรี', 427, 239.4282, 508, 297.8847, 419, 254.4303, 448, 254.2183, 426, 254.7489, 443, 246.6901, 452, 253.0319, 435, 249.8718, 490, 265.1122, 522, 293.0122, 518, 267.9338, 540, 297.8969, 5628, 3174.2593),
	('11312', 'รพ.บ้านลาด', '76', 'เพชรบุรี', 188, 100.2988, 177, 104.2074, 157, 93.7529, 155, 89.7922, 167, 111.3316, 197, 110.9044, 164, 89.9038, 237, 139.0121, 234, 126.4783, 262, 124.7934, 234, 115.3239, 243, 135.8267, 2415, 1341.6255),
	('11313', 'รพ.บ้านแหลม', '76', 'เพชรบุรี', 165, 70.8038, 148, 60.8588, 148, 63.9132, 141, 65.1806, 144, 61.2769, 148, 74.2561, 143, 61.2901, 142, 64.4200, 183, 85.6075, 210, 91.6204, 221, 103.0508, 220, 104.7299, 2013, 907.0081),
	('11314', 'รพ.แก่งกระจาน', '76', 'เพชรบุรี', 137, 62.5686, 137, 67.5485, 127, 51.9585, 152, 75.0580, 147, 66.4442, 151, 94.8297, 121, 55.9445, 137, 61.7885, 191, 84.4417, 205, 90.2123, 154, 71.2575, 153, 73.8606, 1812, 855.9126),
	('11315', 'รพ.กุยบุรี', '77', 'ประจวบคีรีขันธ์', 247, 133.0927, 218, 107.2082, 239, 123.7032, 239, 132.8354, 211, 108.4915, 228, 120.3168, 255, 119.8555, 251, 137.5542, 208, 132.2079, 234, 118.9833, 270, 136.5575, 233, 126.2495, 2833, 1497.0557),
	('11316', 'รพ.ทับสะแก', '77', 'ประจวบคีรีขันธ์', 444, 326.0595, 471, 332.2536, 463, 308.5987, 473, 301.2332, 390, 252.9365, 440, 276.4062, 408, 296.3587, 440, 332.7699, 415, 303.0807, 467, 294.4604, 406, 240.8346, 446, 291.5229, 5263, 3556.5149),
	('11317', 'รพ.บางสะพาน', '77', 'ประจวบคีรีขันธ์', 710, 511.9844, 672, 534.3469, 673, 559.8028, 723, 517.8307, 746, 600.9896, 773, 623.7321, 693, 587.2164, 764, 607.7240, 834, 647.2393, 952, 726.9776, 910, 646.7543, 882, 662.5043, 9332, 7227.1024),
	('11318', 'รพ.บางสะพานน้อย', '77', 'ประจวบคีรีขันธ์', 200, 98.4501, 209, 110.3108, 254, 122.3234, 273, 123.2456, 226, 108.5850, 237, 136.1856, 275, 130.2330, 286, 163.2481, 370, 243.5697, 302, 177.7025, 290, 179.6680, 300, 162.5510, 3222, 1756.0728),
	('11319', 'รพ.ปราณบุรี', '77', 'ประจวบคีรีขันธ์', 379, 215.9682, 423, 247.9773, 397, 235.6134, 410, 250.1944, 361, 222.8272, 361, 191.4293, 340, 190.5308, 412, 203.8019, 417, 241.0028, 455, 253.2976, 489, 251.9675, 463, 238.6753, 4907, 2743.2857),
	('11320', 'รพ.หัวหิน', '77', 'ประจวบคีรีขันธ์', 1260, 1894.8704, 1217, 1921.8147, 1263, 1951.4159, 1299, 2274.8642, 1162, 1940.2403, 1302, 2324.8629, 1411, 2087.1925, 1524, 2364.7505, 1524, 2296.6143, 1629, 2354.9970, 1591, 2309.7102, 1626, 2489.1951, 16808, 26210.5280),
	('11321', 'รพ.สามร้อยยอด', '77', 'ประจวบคีรีขันธ์', 424, 291.9720, 452, 346.9605, 457, 357.6725, 399, 344.1037, 375, 280.4312, 456, 329.4044, 390, 312.8641, 409, 276.7277, 410, 300.0780, 480, 348.5423, 454, 324.9999, 470, 317.7457, 5176, 3831.5020),
	('11458', 'รพ.สมเด็จพระยุพราชจอมบึง', '70', 'ราชบุรี', 390, 264.3160, 356, 237.4836, 391, 293.4945, 329, 269.8731, 370, 294.9829, 406, 336.6386, 387, 293.2547, 360, 271.7334, 460, 357.3502, 474, 345.6356, 427, 304.9187, 412, 303.8471, 4762, 3573.5284),
	('13819', 'รพ.หลวงพ่อเปิ่น', '73', 'นครปฐม', 113, 66.7038, 72, 47.0677, 66, 53.6317, 82, 51.5689, 85, 49.0057, 97, 61.9098, 92, 62.3399, 104, 70.8732, 94, 94.3912, 100, 90.8281, 86, 90.3289, 98, 71.7882, 1089, 810.4371),
	('14136', 'รพ.ศุกร์ศิริศรีสวัสดิ์', '71', 'กาญจนบุรี', 38, 17.8039, 43, 17.8742, 53, 29.0879, 44, 17.1143, 55, 22.3369, 67, 29.1512, 39, 16.3749, 69, 30.9157, 75, 32.2158, 69, 35.0105, 67, 33.3603, 55, 27.3562, 674, 308.6018),
	('21948', 'รพ.ห้วยกระเจาเฉลิมพระเกียรติ 80 พรรษา', '71', 'กาญจนบุรี', 215, 103.1724, 213, 92.2312, 185, 81.1566, 202, 98.1644, 157, 78.6572, 216, 102.3889, 188, 95.5707, 158, 80.8042, 183, 95.8938, 174, 84.9118, 166, 79.1340, 164, 75.6535, 2221, 1067.7387);
/*!40000 ALTER TABLE `cmidata` ENABLE KEYS */;


-- Dumping structure for table moph.hospital
DROP TABLE IF EXISTS `hospital`;
CREATE TABLE IF NOT EXISTS `hospital` (
  `hospcode` varchar(10) NOT NULL,
  `hospname` varchar(255) DEFAULT NULL,
  `spcode` varchar(10) DEFAULT NULL,
  `region` int(2) DEFAULT NULL,
  `chwcode` varchar(2) DEFAULT NULL,
  `chwname` varchar(255) DEFAULT NULL,
  `spflagship` varchar(50) DEFAULT NULL,
  `sp9level` varchar(50) DEFAULT NULL,
  PRIMARY KEY (`hospcode`)
) ENGINE=MyISAM DEFAULT CHARSET=tis620;

-- Dumping data for table moph.hospital: 884 rows
/*!40000 ALTER TABLE `hospital` DISABLE KEYS */;
INSERT INTO `hospital` (`hospcode`, `hospname`, `spcode`, `region`, `chwcode`, `chwname`, `spflagship`, `sp9level`) VALUES
	('04007', 'รพ.ซับใหญ่', 'F3', 9, '36', 'ชัยภูมิ', 'F3', 'F3'),
	('10660', 'รพ.พระนครศรีอยุธยา', 'A', 4, '14', 'พระนครศรีอยุธยา', 'Aปกติ', 'a'),
	('10661', 'รพ.สระบุรี', 'A', 4, '19', 'สระบุรี', 'Aเรือธง', 'Aใหญ่'),
	('10662', 'รพ.ชลบุรี', 'A', 6, '20', 'ชลบุรี', 'Aเรือธง', 'Aใหญ่'),
	('10663', 'รพ.ระยอง', 'A', 6, '21', 'ระยอง', 'Aปกติ', 'a'),
	('10664', 'รพ.พระปกเกล้า', 'A', 6, '22', 'จันทบุรี', 'Aเรือธง', 'a'),
	('10665', 'รพ.เจ้าพระยาอภัยภูเบศร', 'A', 6, '25', 'ปราจีนบุรี', 'Aปกติ', 'a'),
	('10666', 'รพ.มหาราชนครราชสีมา', 'A', 9, '30', 'นครราชสีมา', 'Aเรือธง', 'Aใหญ่'),
	('10667', 'รพ.บุรีรัมย์', 'A', 9, '31', 'บุรีรัมย์', 'Aปกติ', 'Aใหญ่'),
	('10668', 'รพ.สุรินทร์', 'A', 9, '32', 'สุรินทร์', 'Aปกติ', 'a'),
	('10669', 'รพ.สรรพสิทธิประสงค์', 'A', 10, '34', 'อุบลราชธานี', 'Aเรือธง', 'Aใหญ่'),
	('10670', 'รพ.ขอนแก่น', 'A', 7, '40', 'ขอนแก่น', 'Aเรือธง', 'Aใหญ่'),
	('10671', 'รพ.อุดรธานี', 'A', 8, '41', 'อุดรธานี', 'Aเรือธง', 'Aใหญ่'),
	('10672', 'รพ.ลำปาง', 'A', 1, '52', 'ลำปาง', 'Aเรือธง', 'a'),
	('10673', 'รพ.อุตรดิตถ์', 'A', 2, '53', 'อุตรดิตถ์', 'Aปกติ', 'a'),
	('10674', 'รพ.เชียงรายประชานุเคราะห์', 'A', 1, '57', 'เชียงราย', 'Aเรือธง', 'Aใหญ่'),
	('10675', 'รพ.สวรรค์ประชารักษ์', 'A', 3, '60', 'นครสวรรค์', 'Aเรือธง', 'a'),
	('10676', 'รพ.พุทธชินราช', 'A', 2, '65', 'พิษณุโลก', 'Aเรือธง', 'Aใหญ่'),
	('10677', 'รพ.ราชบุรี', 'A', 5, '70', 'ราชบุรี', 'Aเรือธง', 'Aใหญ่'),
	('10678', 'รพ.เจ้าพระยายมราช', 'A', 5, '72', 'สุพรรณบุรี', 'Aปกติ', 'a'),
	('10679', 'รพ.นครปฐม', 'A', 5, '73', 'นครปฐม', 'Aเรือธง', 'a'),
	('10680', 'รพ.มหาราชนครศรีธรรมราช', 'A', 11, '80', 'นครศรีธรรมราช', 'Aปกติ', 'Aใหญ่'),
	('10681', 'รพ.สุราษฎร์ธานี', 'A', 11, '84', 'สุราษฎร์ธานี', 'Aเรือธง', 'Aใหญ่'),
	('10682', 'รพ.หาดใหญ่', 'A', 12, '90', 'สงขลา', 'Aเรือธง', 'Aใหญ่'),
	('10683', 'รพ.ตรัง', 'A', 12, '92', 'ตรัง', 'Aปกติ', 'a'),
	('10684', 'รพ.ยะลา', 'A', 12, '95', 'ยะลา', 'Aปกติ', 'a'),
	('10685', 'รพ.สมุทรปราการ', 'A', 6, '11', 'สมุทรปราการ', 'Aปกติ', 'a'),
	('10686', 'รพ.พระนั่งเกล้า', 'A', 4, '12', 'นนทบุรี', 'Aปกติ', 'a'),
	('10687', 'รพ.ปทุมธานี', 'S', 4, '13', 'ปทุมธานี', 'S>300เตียง', 'Sใหญ่'),
	('10688', 'รพ.เสนา', 'M1', 4, '14', 'พระนครศรีอยุธยา', 'M1รพท', 'M1'),
	('10689', 'รพ.อ่างทอง', 'S', 4, '15', 'อ่างทอง', 'S>300เตียง', 's'),
	('10690', 'รพ.พระนารายณ์มหาราช', 'S', 4, '16', 'ลพบุรี', 'S>300เตียง', 'Sใหญ่'),
	('10691', 'รพ.บ้านหมี่', 'M1', 4, '16', 'ลพบุรี', 'M1รพท', 'M1'),
	('10692', 'รพ.สิงห์บุรี', 'S', 4, '17', 'สิงห์บุรี', 'S<=300เตียง', 's'),
	('10693', 'รพ.อินทร์บุรี', 'M1', 4, '17', 'สิงห์บุรี', 'M1รพท', 'M1'),
	('10694', 'รพ.ชัยนาทนเรนทร', 'S', 3, '18', 'ชัยนาท', 'S>300เตียง', 'Sใหญ่'),
	('10695', 'รพ.พระพุทธบาท', 'M1', 4, '19', 'สระบุรี', 'M1รพท', 'M1'),
	('10696', 'รพ.ตราด', 'S', 6, '23', 'ตราด', 'S>300เตียง', 's'),
	('10697', 'รพ.พุทธโสธร', 'A', 6, '24', 'ฉะเชิงเทรา', 'Aปกติ', 'Aใหญ่'),
	('10698', 'รพ.นครนายก', 'M1', 4, '26', 'นครนายก', 'M1รพท', 'M1'),
	('10699', 'รพ.สมเด็จพระยุพราชสระแก้ว', 'S', 6, '27', 'สระแก้ว', 'S>300เตียง', 'Sใหญ่'),
	('10700', 'รพ.ศรีสะเกษ', 'S', 10, '33', 'ศรีสะเกษ', 'S>300เตียง', 'Sใหญ่'),
	('10701', 'รพ.ยโสธร', 'S', 10, '35', 'ยโสธร', 'S>300เตียง', 's'),
	('10702', 'รพ.ชัยภูมิ', 'S', 9, '36', 'ชัยภูมิ', 'S>300เตียง', 'Sใหญ่'),
	('10703', 'รพ.อำนาจเจริญ', 'S', 10, '37', 'อำนาจเจริญ', 'S>300เตียง', 's'),
	('10704', 'รพ.หนองบัวลำภู', 'S', 8, '39', 'หนองบัวลำภู', 'S>300เตียง', 's'),
	('10705', 'รพ.เลย', 'S', 8, '42', 'เลย', 'S>300เตียง', 'Sใหญ่'),
	('10706', 'รพ.หนองคาย', 'S', 8, '43', 'หนองคาย', 'S>300เตียง', 's'),
	('10707', 'รพ.มหาสารคาม', 'S', 7, '44', 'มหาสารคาม', 'S>300เตียง', 'Sใหญ่'),
	('10708', 'รพ.ร้อยเอ็ด', 'A', 7, '45', 'ร้อยเอ็ด', 'Aปกติ', 'a'),
	('10709', 'รพ.กาฬสินธุ์', 'S', 7, '46', 'กาฬสินธุ์', 'S>300เตียง', 'Sใหญ่'),
	('10710', 'รพ.สกลนคร', 'A', 8, '47', 'สกลนคร', 'Aปกติ', 'a'),
	('10711', 'รพ.นครพนม', 'S', 8, '48', 'นครพนม', 'S>300เตียง', 'Sใหญ่'),
	('10712', 'รพ.มุกดาหาร', 'S', 10, '49', 'มุกดาหาร', 'S>300เตียง', 's'),
	('10713', 'รพ.นครพิงค์', 'A', 1, '50', 'เชียงใหม่', 'Aเรือธง', 'Aใหญ่'),
	('10714', 'รพ.ลำพูน', 'S', 1, '51', 'ลำพูน', 'S>300เตียง', 'Sใหญ่'),
	('10715', 'รพ.แพร่', 'S', 1, '54', 'แพร่', 'S>300เตียง', 'Sใหญ่'),
	('10716', 'รพ.น่าน', 'S', 1, '55', 'น่าน', 'S>300เตียง', 'Sใหญ่'),
	('10717', 'รพ.พะเยา', 'S', 1, '56', 'พะเยา', 'S>300เตียง', 'Sใหญ่'),
	('10718', 'รพ.เชียงคำ', 'M1', 1, '56', 'พะเยา', 'M1รพท', 'M1'),
	('10719', 'รพ.ศรีสังวาลย์', 'S', 1, '58', 'แม่ฮ่องสอน', 'S<=300เตียง', 's'),
	('10720', 'รพ.อุทัยธานี', 'S', 3, '61', 'อุทัยธานี', 'S>300เตียง', 's'),
	('10721', 'รพ.กำแพงเพชร', 'S', 3, '62', 'กำแพงเพชร', 'S>300เตียง', 'Sใหญ่'),
	('10722', 'รพ.สมเด็จพระเจ้าตากสินมหาราช', 'S', 2, '63', 'ตาก', 'S>300เตียง', 's'),
	('10723', 'รพ.แม่สอด', 'S', 2, '63', 'ตาก', 'S>300เตียง', 's'),
	('10724', 'รพ.สุโขทัย', 'S', 2, '64', 'สุโขทัย', 'S>300เตียง', 's'),
	('10725', 'รพ.ศรีสังวรสุโขทัย', 'M1', 2, '64', 'สุโขทัย', 'M1รพท', 'M1'),
	('10726', 'รพ.พิจิตร', 'S', 3, '66', 'พิจิตร', 'S>300เตียง', 'Sใหญ่'),
	('10727', 'รพ.เพชรบูรณ์', 'S', 2, '67', 'เพชรบูรณ์', 'S>300เตียง', 'Sใหญ่'),
	('10728', 'รพ.ดำเนินสะดวก', 'M1', 5, '70', 'ราชบุรี', 'M1รพท', 'M1'),
	('10729', 'รพ.บ้านโป่ง', 'S', 5, '70', 'ราชบุรี', 'S>300เตียง', 's'),
	('10730', 'รพ.โพธาราม', 'M1', 5, '70', 'ราชบุรี', 'M1รพท', 'M1'),
	('10731', 'รพ.พหลพลพยุหเสนา', 'S', 5, '71', 'กาญจนบุรี', 'S>300เตียง', 'Sใหญ่'),
	('10732', 'รพ.มะการักษ์', 'M1', 5, '71', 'กาญจนบุรี', 'M1รพท', 'M1'),
	('10733', 'รพ.สมเด็จพระสังฆราชองค์ที่17', 'M1', 5, '72', 'สุพรรณบุรี', 'M1รพท', 'M1'),
	('10734', 'รพ.สมุทรสาคร', 'A', 5, '74', 'สมุทรสาคร', 'Aปกติ', 'a'),
	('10735', 'รพ.สมเด็จพระพุทธเลิศหล้า', 'S', 5, '75', 'สมุทรสงคราม', 'S>300เตียง', 's'),
	('10736', 'รพ.พระจอมเกล้า', 'S', 5, '76', 'เพชรบุรี', 'S>300เตียง', 'Sใหญ่'),
	('10737', 'รพ.ประจวบคีรีขันธ์', 'S', 5, '77', 'ประจวบคีรีขันธ์', 'S<=300เตียง', 's'),
	('10738', 'รพ.กระบี่', 'S', 11, '81', 'กระบี่', 'S>300เตียง', 'Sใหญ่'),
	('10739', 'รพ.พังงา', 'S', 11, '82', 'พังงา', 'S<=300เตียง', 's'),
	('10740', 'รพ.ตะกั่วป่า', 'M1', 11, '82', 'พังงา', 'M1รพท', 'M1'),
	('10741', 'รพ.วชิระภูเก็ต', 'A', 11, '83', 'ภูเก็ต', 'Aเรือธง', 'a'),
	('10742', 'รพ.เกาะสมุย', 'M1', 11, '84', 'สุราษฎร์ธานี', 'M1รพท', 'M1'),
	('10743', 'รพ.ระนอง', 'S', 11, '85', 'ระนอง', 'S<=300เตียง', 's'),
	('10744', 'รพ.ชุมพรเขตรอุดมศักดิ์', 'S', 11, '86', 'ชุมพร', 'S>300เตียง', 'Sใหญ่'),
	('10745', 'รพ.สงขลา', 'S', 12, '90', 'สงขลา', 'S>300เตียง', 'Sใหญ่'),
	('10746', 'รพ.สตูล', 'S', 12, '91', 'สตูล', 'S<=300เตียง', 's'),
	('10747', 'รพ.พัทลุง', 'S', 12, '93', 'พัทลุง', 'S>300เตียง', 'Sใหญ่'),
	('10748', 'รพ.ปัตตานี', 'S', 12, '94', 'ปัตตานี', 'S>300เตียง', 'Sใหญ่'),
	('10749', 'รพ.เบตง', 'M1', 12, '95', 'ยะลา', 'M1รพท', 'M1'),
	('10750', 'รพ.นราธิวาสราชนครินทร์', 'S', 12, '96', 'นราธิวาส', 'S>300เตียง', 'Sใหญ่'),
	('10751', 'รพ.สุไหงโก-ลก', 'M1', 12, '96', 'นราธิวาส', 'M1รพท', 'M1'),
	('10752', 'รพ.บางบ่อ', 'M2', 6, '11', 'สมุทรปราการ', 'M2', 'M2'),
	('10753', 'รพ.บางพลี', 'M1', 6, '11', 'สมุทรปราการ', 'M1รพช', 'M1'),
	('10754', 'รพ.บางจาก', 'F1', 6, '11', 'สมุทรปราการ', 'F1', 'F1'),
	('10755', 'รพ.พระสมุทรเจดีย์สวาทยานนท์', 'F2', 6, '11', 'สมุทรปราการ', 'F2', 'F2'),
	('10756', 'รพ.บางกรวย', 'F1', 4, '12', 'นนทบุรี', 'F1', 'F1'),
	('10757', 'รพ.บางใหญ่', 'M2', 4, '12', 'นนทบุรี', 'M2', 'M2'),
	('10758', 'รพ.บางบัวทอง', 'M2', 4, '12', 'นนทบุรี', 'M2', 'M2'),
	('10759', 'รพ.ไทรน้อย', 'F2', 4, '12', 'นนทบุรี', 'F2', 'F2'),
	('10760', 'รพ.ปากเกร็ด', 'F1', 4, '12', 'นนทบุรี', 'F1', 'F1'),
	('10761', 'รพ.คลองหลวง', 'F2', 4, '13', 'ปทุมธานี', 'F2', 'F2'),
	('10762', 'รพ.ธัญบุรี', 'M2', 4, '13', 'ปทุมธานี', 'M2', 'M2'),
	('10763', 'รพ.ประชาธิปัตย์', 'F2', 4, '13', 'ปทุมธานี', 'F2', 'F2'),
	('10764', 'รพ.หนองเสือ', 'F2', 4, '13', 'ปทุมธานี', 'F2', 'F2'),
	('10765', 'รพ.ลาดหลุมแก้ว', 'F2', 4, '13', 'ปทุมธานี', 'F2', 'F2'),
	('10766', 'รพ.ลำลูกกา', 'F2', 4, '13', 'ปทุมธานี', 'F2', 'F2'),
	('10767', 'รพ.สามโคก', 'F3', 4, '13', 'ปทุมธานี', 'F3', 'F3'),
	('10768', 'รพ.ท่าเรือ', 'F2', 4, '14', 'พระนครศรีอยุธยา', 'F2', 'F2'),
	('10769', 'รพ.สมเด็จพระสังฆราช(นครหลวง)', 'F2', 4, '14', 'พระนครศรีอยุธยา', 'F2', 'F2'),
	('10770', 'รพ.บางไทร', 'F2', 4, '14', 'พระนครศรีอยุธยา', 'F2', 'F2'),
	('10771', 'รพ.บางบาล', 'F2', 4, '14', 'พระนครศรีอยุธยา', 'F2', 'F2'),
	('10772', 'รพ.บางปะอิน', 'M2', 4, '14', 'พระนครศรีอยุธยา', 'M2', 'M2'),
	('10773', 'รพ.บางปะหัน', 'F2', 4, '14', 'พระนครศรีอยุธยา', 'F2', 'F2'),
	('10774', 'รพ.ผักไห่', 'F2', 4, '14', 'พระนครศรีอยุธยา', 'F2', 'F2'),
	('10775', 'รพ.ภาชี', 'F2', 4, '14', 'พระนครศรีอยุธยา', 'F2', 'F2'),
	('10776', 'รพ.ลาดบัวหลวง', 'F2', 4, '14', 'พระนครศรีอยุธยา', 'F2', 'F2'),
	('10777', 'รพ.วังน้อย', 'F2', 4, '14', 'พระนครศรีอยุธยา', 'F2', 'F2'),
	('10778', 'รพ.บางซ้าย', 'F3', 4, '14', 'พระนครศรีอยุธยา', 'F3', 'F3'),
	('10779', 'รพ.อุทัย', 'F2', 4, '14', 'พระนครศรีอยุธยา', 'F2', 'F2'),
	('10780', 'รพ.มหาราช', 'F3', 4, '14', 'พระนครศรีอยุธยา', 'F3', 'F3'),
	('10781', 'รพ.บ้านแพรก', 'F3', 4, '14', 'พระนครศรีอยุธยา', 'F3', 'F3'),
	('10782', 'รพ.ไชโย', 'F2', 4, '15', 'อ่างทอง', 'F2', 'F2'),
	('10784', 'รพ.ป่าโมก', 'F2', 4, '15', 'อ่างทอง', 'F2', 'F2'),
	('10785', 'รพ.โพธิ์ทอง', 'F2', 4, '15', 'อ่างทอง', 'F2', 'F2'),
	('10786', 'รพ.แสวงหา', 'F2', 4, '15', 'อ่างทอง', 'F2', 'F2'),
	('10787', 'รพ.วิเศษชัยชาญ', 'F1', 4, '15', 'อ่างทอง', 'F1', 'F1'),
	('10788', 'รพ.สามโก้', 'F3', 4, '15', 'อ่างทอง', 'F3', 'F3'),
	('10789', 'รพ.พัฒนานิคม', 'F2', 4, '16', 'ลพบุรี', 'F2', 'F2'),
	('10790', 'รพ.โคกสำโรง', 'M2', 4, '16', 'ลพบุรี', 'M2', 'M2'),
	('10791', 'รพ.ชัยบาดาล', 'M2', 4, '16', 'ลพบุรี', 'M2', 'M2'),
	('10792', 'รพ.ท่าวุ้ง', 'F2', 4, '16', 'ลพบุรี', 'F2', 'F2'),
	('10793', 'รพ.ท่าหลวง', 'F2', 4, '16', 'ลพบุรี', 'F2', 'F2'),
	('10794', 'รพ.สระโบสถ์', 'F3', 4, '16', 'ลพบุรี', 'F3', 'F3'),
	('10795', 'รพ.โคกเจริญ', 'F3', 4, '16', 'ลพบุรี', 'F3', 'F3'),
	('10796', 'รพ.ลำสนธิ', 'F2', 4, '16', 'ลพบุรี', 'F2', 'F2'),
	('10797', 'รพ.หนองม่วง', 'F2', 4, '16', 'ลพบุรี', 'F2', 'F2'),
	('10798', 'รพ.บางระจัน', 'F2', 4, '17', 'สิงห์บุรี', 'F2', 'F2'),
	('10799', 'รพ.ค่ายบางระจัน', 'F2', 4, '17', 'สิงห์บุรี', 'F2', 'F2'),
	('10800', 'รพ.พรหมบุรี', 'F3', 4, '17', 'สิงห์บุรี', 'F3', 'F3'),
	('10801', 'รพ.ท่าช้าง', 'F2', 4, '17', 'สิงห์บุรี', 'F2', 'F2'),
	('10802', 'รพ.มโนรมย์', 'F2', 3, '18', 'ชัยนาท', 'F2', 'F2'),
	('10803', 'รพ.วัดสิงห์', 'F2', 3, '18', 'ชัยนาท', 'F2', 'F2'),
	('10804', 'รพ.สรรพยา', 'F2', 3, '18', 'ชัยนาท', 'F2', 'F2'),
	('10805', 'รพ.สรรคบุรี', 'F2', 3, '18', 'ชัยนาท', 'F2', 'F2'),
	('10806', 'รพ.หันคา', 'F2', 3, '18', 'ชัยนาท', 'F2', 'F2'),
	('10807', 'รพ.แก่งคอย', 'F2', 4, '19', 'สระบุรี', 'F2', 'F2'),
	('10808', 'รพ.หนองแค', 'F2', 4, '19', 'สระบุรี', 'F2', 'F2'),
	('10809', 'รพ.วิหารแดง', 'F2', 4, '19', 'สระบุรี', 'F2', 'F2'),
	('10810', 'รพ.หนองแซง', 'F2', 4, '19', 'สระบุรี', 'F2', 'F2'),
	('10811', 'รพ.บ้านหมอ', 'F2', 4, '19', 'สระบุรี', 'F2', 'F2'),
	('10812', 'รพ.ดอนพุด', 'F3', 4, '19', 'สระบุรี', 'F3', 'F3'),
	('10813', 'รพ.หนองโดน', 'F3', 4, '19', 'สระบุรี', 'F3', 'F3'),
	('10814', 'รพ.เสาไห้', 'F2', 4, '19', 'สระบุรี', 'F2', 'F2'),
	('10815', 'รพ.มวกเหล็ก', 'F2', 4, '19', 'สระบุรี', 'F2', 'F2'),
	('10816', 'รพ.วังม่วง', 'F2', 4, '19', 'สระบุรี', 'F2', 'F2'),
	('10817', 'รพ.บ้านบึง', 'M2', 6, '20', 'ชลบุรี', 'M2', 'M2'),
	('10818', 'รพ.หนองใหญ่', 'F2', 6, '20', 'ชลบุรี', 'F2', 'F2'),
	('10819', 'รพ.บางละมุง', 'S', 6, '20', 'ชลบุรี', 'S<=300เตียง', 's'),
	('10820', 'รพ.วัดญาณสังวราราม', 'F2', 6, '20', 'ชลบุรี', 'F2', 'F2'),
	('10821', 'รพ.พานทอง', 'F1', 6, '20', 'ชลบุรี', 'F1', 'F1'),
	('10822', 'รพ.พนัสนิคม', 'M2', 6, '20', 'ชลบุรี', 'M2', 'M2'),
	('10823', 'รพ.แหลมฉบัง', 'M2', 6, '20', 'ชลบุรี', 'M2', 'M2'),
	('10824', 'รพ.เกาะสีชัง', 'F2', 6, '20', 'ชลบุรี', 'F2', 'F2'),
	('10825', 'รพ.สัตหีบกม10', 'F1', 6, '20', 'ชลบุรี', 'F1', 'F1'),
	('10826', 'รพ.บ่อทอง', 'F2', 6, '20', 'ชลบุรี', 'F2', 'F2'),
	('10827', 'รพ.เฉลิมพระเกียรติสมเด็จพระเทพรัตนราชสุดาฯ สยามบรมราชกุมารี ระยอง', 'M1', 6, '21', 'ระยอง', 'M1รพช', 'M1'),
	('10828', 'รพ.บ้านฉาง', 'F1', 6, '21', 'ระยอง', 'F1', 'F1'),
	('10829', 'รพ.แกลง', 'M1', 6, '21', 'ระยอง', 'M1รพช', 'M1'),
	('10830', 'รพ.วังจันทร์', 'F2', 6, '21', 'ระยอง', 'F2', 'F2'),
	('10831', 'รพ.บ้านค่าย', 'F2', 6, '21', 'ระยอง', 'F2', 'F2'),
	('10832', 'รพ.ปลวกแดง', 'F2', 6, '21', 'ระยอง', 'F2', 'F2'),
	('10833', 'รพ.ท่าตะเกียบ', 'F2', 6, '24', 'ฉะเชิงเทรา', 'F2', 'F2'),
	('10834', 'รพ.ขลุง', 'F1', 6, '22', 'จันทบุรี', 'F1', 'F1'),
	('10835', 'รพ.ท่าใหม่', 'F2', 6, '22', 'จันทบุรี', 'F2', 'F2'),
	('10836', 'รพ.เขาสุกิม', 'F2', 6, '22', 'จันทบุรี', 'F2', 'F2'),
	('10837', 'รพ.สองพี่น้อง', 'F2', 6, '22', 'จันทบุรี', 'F2', 'F2'),
	('10838', 'รพ.โป่งน้ำร้อน', 'F2', 6, '22', 'จันทบุรี', 'F2', 'F2'),
	('10839', 'รพ.มะขาม', 'F1', 6, '22', 'จันทบุรี', 'F1', 'F1'),
	('10840', 'รพ.แหลมสิงห์', 'F2', 6, '22', 'จันทบุรี', 'F2', 'F2'),
	('10841', 'รพ.สอยดาว', 'F1', 6, '22', 'จันทบุรี', 'F1', 'F1'),
	('10842', 'รพ.แก่งหางแมว', 'F2', 6, '22', 'จันทบุรี', 'F2', 'F2'),
	('10843', 'รพ.นายายอาม', 'F1', 6, '22', 'จันทบุรี', 'F1', 'F1'),
	('10844', 'รพ.เขาคิชฌกูฏ', 'F2', 6, '22', 'จันทบุรี', 'F2', 'F2'),
	('10845', 'รพ.คลองใหญ่', 'F2', 6, '23', 'ตราด', 'F2', 'F2'),
	('10846', 'รพ.เขาสมิง', 'F2', 6, '23', 'ตราด', 'F2', 'F2'),
	('10847', 'รพ.บ่อไร่', 'F2', 6, '23', 'ตราด', 'F2', 'F2'),
	('10848', 'รพ.แหลมงอบ', 'F2', 6, '23', 'ตราด', 'F2', 'F2'),
	('10849', 'รพ.เกาะกูด', 'F3', 6, '23', 'ตราด', 'F3', 'F3'),
	('10850', 'รพ.บางคล้า', 'F2', 6, '24', 'ฉะเชิงเทรา', 'F2', 'F2'),
	('10851', 'รพ.บางน้ำเปรี้ยว', 'F1', 6, '24', 'ฉะเชิงเทรา', 'F1', 'F1'),
	('10852', 'รพ.บางปะกง', 'F1', 6, '24', 'ฉะเชิงเทรา', 'F1', 'F1'),
	('10853', 'รพ.บ้านโพธิ์', 'F2', 6, '24', 'ฉะเชิงเทรา', 'F2', 'F2'),
	('10854', 'รพ.พนมสารคาม', 'M2', 6, '24', 'ฉะเชิงเทรา', 'M2', 'M2'),
	('10855', 'รพ.สนามชัยเขต', 'F1', 6, '24', 'ฉะเชิงเทรา', 'F1', 'F1'),
	('10856', 'รพ.แปลงยาว', 'F2', 6, '24', 'ฉะเชิงเทรา', 'F2', 'F2'),
	('10857', 'รพ.กบินทร์บุรี', 'M1', 6, '25', 'ปราจีนบุรี', 'M1รพช', 'M1'),
	('10858', 'รพ.นาดี', 'F2', 6, '25', 'ปราจีนบุรี', 'F2', 'F2'),
	('10859', 'รพ.บ้านสร้าง', 'F2', 6, '25', 'ปราจีนบุรี', 'F2', 'F2'),
	('10860', 'รพ.ประจันตคาม', 'F2', 6, '25', 'ปราจีนบุรี', 'F2', 'F2'),
	('10861', 'รพ.ศรีมหาโพธิ', 'F2', 6, '25', 'ปราจีนบุรี', 'F2', 'F2'),
	('10862', 'รพ.ศรีมโหสถ', 'F2', 6, '25', 'ปราจีนบุรี', 'F2', 'F2'),
	('10863', 'รพ.ปากพลี', 'F3', 4, '26', 'นครนายก', 'F3', 'F3'),
	('10864', 'รพ.บ้านนา', 'F2', 4, '26', 'นครนายก', 'F2', 'F2'),
	('10865', 'รพ.องครักษ์', 'F2', 4, '26', 'นครนายก', 'F2', 'F2'),
	('10866', 'รพ.คลองหาด', 'F2', 6, '27', 'สระแก้ว', 'F2', 'F2'),
	('10867', 'รพ.ตาพระยา', 'F2', 6, '27', 'สระแก้ว', 'F2', 'F2'),
	('10868', 'รพ.วังน้ำเย็น', 'F2', 6, '27', 'สระแก้ว', 'F2', 'F2'),
	('10869', 'รพ.วัฒนานคร', 'F2', 6, '27', 'สระแก้ว', 'F2', 'F2'),
	('10870', 'รพ.อรัญประเทศ', 'M1', 6, '27', 'สระแก้ว', 'M1รพช', 'M1'),
	('10871', 'รพ.ครบุรี', 'M2', 9, '30', 'นครราชสีมา', 'M2', 'M2'),
	('10872', 'รพ.เสิงสาง', 'F2', 9, '30', 'นครราชสีมา', 'F2', 'F2'),
	('10873', 'รพ.คง', 'F2', 9, '30', 'นครราชสีมา', 'F2', 'F2'),
	('10874', 'รพ.บ้านเหลื่อม', 'F2', 9, '30', 'นครราชสีมา', 'F2', 'F2'),
	('10875', 'รพ.จักราช', 'F1', 9, '30', 'นครราชสีมา', 'F1', 'F1'),
	('10876', 'รพ.โชคชัย', 'M2', 9, '30', 'นครราชสีมา', 'M2', 'M2'),
	('10877', 'รพ.ด่านขุนทด', 'M2', 9, '30', 'นครราชสีมา', 'M2', 'M2'),
	('10878', 'รพ.โนนไทย', 'F2', 9, '30', 'นครราชสีมา', 'F2', 'F2'),
	('10879', 'รพ.โนนสูง', 'F2', 9, '30', 'นครราชสีมา', 'F2', 'F2'),
	('10880', 'รพ.ขามสะแกแสง', 'F2', 9, '30', 'นครราชสีมา', 'F2', 'F2'),
	('10881', 'รพ.บัวใหญ่', 'M2', 9, '30', 'นครราชสีมา', 'M2', 'M2'),
	('10882', 'รพ.ประทาย', 'F1', 9, '30', 'นครราชสีมา', 'F1', 'F1'),
	('10883', 'รพ.ปักธงชัย', 'F1', 9, '30', 'นครราชสีมา', 'F1', 'F1'),
	('10884', 'รพ.พิมาย', 'M2', 9, '30', 'นครราชสีมา', 'M2', 'M2'),
	('10885', 'รพ.ห้วยแถลง', 'F2', 9, '30', 'นครราชสีมา', 'F2', 'F2'),
	('10886', 'รพ.ชุมพวง', 'F1', 9, '30', 'นครราชสีมา', 'F1', 'F1'),
	('10887', 'รพ.สูงเนิน', 'F1', 9, '30', 'นครราชสีมา', 'F1', 'F1'),
	('10888', 'รพ.ขามทะเลสอ', 'F2', 9, '30', 'นครราชสีมา', 'F2', 'F2'),
	('10889', 'รพ.สีคิ้ว', 'F1', 9, '30', 'นครราชสีมา', 'F1', 'F1'),
	('10890', 'รพ.ปากช่องนานา', 'M1', 9, '30', 'นครราชสีมา', 'M1รพช', 'M1'),
	('10891', 'รพ.หนองบุญมาก', 'F2', 9, '30', 'นครราชสีมา', 'F2', ''),
	('10892', 'รพ.แก้งสนามนาง', 'F2', 9, '30', 'นครราชสีมา', 'F2', 'F2'),
	('10893', 'รพ.โนนแดง', 'F2', 9, '30', 'นครราชสีมา', 'F2', 'F2'),
	('10894', 'รพ.วังน้ำเขียว', 'F2', 9, '30', 'นครราชสีมา', 'F2', 'F2'),
	('10895', 'รพ.คูเมือง', 'F2', 9, '31', 'บุรีรัมย์', 'F2', 'F2'),
	('10896', 'รพ.กระสัง', 'F2', 9, '31', 'บุรีรัมย์', 'F2', 'F2'),
	('10897', 'รพ.นางรอง', 'M1', 9, '31', 'บุรีรัมย์', 'M1รพช', 'M1'),
	('10898', 'รพ.หนองกี่', 'F2', 9, '31', 'บุรีรัมย์', 'F2', 'F2'),
	('10899', 'รพ.ละหานทราย', 'F1', 9, '31', 'บุรีรัมย์', 'F1', 'F1'),
	('10900', 'รพ.ประโคนชัย', 'M2', 9, '31', 'บุรีรัมย์', 'M2', 'M2'),
	('10901', 'รพ.บ้านกรวด', 'F2', 9, '31', 'บุรีรัมย์', 'F2', 'F2'),
	('10902', 'รพ.พุทไธสง', 'F1', 9, '31', 'บุรีรัมย์', 'F1', 'F1'),
	('10904', 'รพ.ลำปลายมาศ', 'M2', 9, '31', 'บุรีรัมย์', 'M2', 'M2'),
	('10905', 'รพ.สตึก', 'M2', 9, '31', 'บุรีรัมย์', 'M2', 'M2'),
	('10906', 'รพ.ปะคำ', 'F2', 9, '31', 'บุรีรัมย์', 'F2', 'F2'),
	('10907', 'รพ.นาโพธิ์', 'F2', 9, '31', 'บุรีรัมย์', 'F2', 'F2'),
	('10908', 'รพ.หนองหงส์', 'F2', 9, '31', 'บุรีรัมย์', 'F2', 'F2'),
	('10909', 'รพ.พลับพลาชัย', 'F2', 9, '31', 'บุรีรัมย์', 'F2', 'F2'),
	('10910', 'รพ.ห้วยราช', 'F2', 9, '31', 'บุรีรัมย์', 'F2', 'F2'),
	('10911', 'รพ.โนนสุวรรณ', 'F2', 9, '31', 'บุรีรัมย์', 'F2', 'F2'),
	('10912', 'รพ.ชำนิ', 'F2', 9, '31', 'บุรีรัมย์', 'F2', 'F2'),
	('10913', 'รพ.บ้านใหม่ไชยพจน์', 'F2', 9, '31', 'บุรีรัมย์', 'F2', 'F2'),
	('10914', 'รพ.โนนดินแดง', 'F2', 9, '31', 'บุรีรัมย์', 'F2', 'F2'),
	('10915', 'รพ.ชุมพลบุรี', 'F2', 9, '32', 'สุรินทร์', 'F2', 'F2'),
	('10916', 'รพ.ท่าตูม', 'F1', 9, '32', 'สุรินทร์', 'F1', 'F1'),
	('10917', 'รพ.จอมพระ', 'F2', 9, '32', 'สุรินทร์', 'F2', 'F2'),
	('10918', 'รพ.ปราสาท', 'M1', 9, '32', 'สุรินทร์', 'M1รพช', 'M1'),
	('10919', 'รพ.กาบเชิง', 'F2', 9, '32', 'สุรินทร์', 'F2', 'F2'),
	('10920', 'รพ.รัตนบุรี', 'M2', 9, '32', 'สุรินทร์', 'M2', 'M2'),
	('10921', 'รพ.สนม', 'F2', 9, '32', 'สุรินทร์', 'F2', 'F2'),
	('10922', 'รพ.ศีขรภูมิ', 'M2', 9, '32', 'สุรินทร์', 'M2', 'M2'),
	('10923', 'รพ.สังขะ', 'M2', 9, '32', 'สุรินทร์', 'M2', 'M2'),
	('10924', 'รพ.ลำดวน', 'F2', 9, '32', 'สุรินทร์', 'F2', 'F2'),
	('10925', 'รพ.สำโรงทาบ', 'F2', 9, '32', 'สุรินทร์', 'F2', 'F2'),
	('10926', 'รพ.บัวเชด', 'F2', 9, '32', 'สุรินทร์', 'F2', 'F2'),
	('10927', 'รพ.ยางชุมน้อย', 'F2', 10, '33', 'ศรีสะเกษ', 'F2', 'F2'),
	('10928', 'รพ.กันทรารมย์', 'F2', 10, '33', 'ศรีสะเกษ', 'F2', 'F2'),
	('10929', 'รพ.กันทรลักษ์', 'M2', 10, '33', 'ศรีสะเกษ', 'M2', 'M2'),
	('10930', 'รพ.ขุขันธ์', 'M2', 10, '33', 'ศรีสะเกษ', 'M2', 'M2'),
	('10931', 'รพ.ไพรบึง', 'F2', 10, '33', 'ศรีสะเกษ', 'F2', 'F2'),
	('10932', 'รพ.ปรางค์กู่', 'F2', 10, '33', 'ศรีสะเกษ', 'F2', 'F2'),
	('10933', 'รพ.ขุนหาญ', 'F1', 10, '33', 'ศรีสะเกษ', 'F1', 'F1'),
	('10934', 'รพ.ราษีไศล', 'F1', 10, '33', 'ศรีสะเกษ', 'F1', 'F1'),
	('10935', 'รพ.อุทุมพรพิสัย', 'M2', 10, '33', 'ศรีสะเกษ', 'M2', 'M2'),
	('10936', 'รพ.บึงบูรพ์', 'F2', 10, '33', 'ศรีสะเกษ', 'F2', 'F2'),
	('10937', 'รพ.ห้วยทับทัน', 'F2', 10, '33', 'ศรีสะเกษ', 'F2', 'F2'),
	('10938', 'รพ.โนนคูณ', 'F2', 10, '33', 'ศรีสะเกษ', 'F2', 'F2'),
	('10939', 'รพ.ศรีรัตนะ', 'F2', 10, '33', 'ศรีสะเกษ', 'F2', 'F2'),
	('10940', 'รพ.วังหิน', 'F2', 10, '33', 'ศรีสะเกษ', 'F2', 'F2'),
	('10941', 'รพ.น้ำเกลี้ยง', 'F2', 10, '33', 'ศรีสะเกษ', 'F2', 'F2'),
	('10942', 'รพ.ภูสิงห์', 'F2', 10, '33', 'ศรีสะเกษ', 'F2', 'F2'),
	('10943', 'รพ.เมืองจันทร์', 'F2', 10, '33', 'ศรีสะเกษ', 'F2', 'F2'),
	('10944', 'รพ.ศรีเมืองใหม่', 'F2', 10, '34', 'อุบลราชธานี', 'F2', 'F2'),
	('10945', 'รพ.โขงเจียม', 'F2', 10, '34', 'อุบลราชธานี', 'F2', 'F2'),
	('10946', 'รพ.เขื่องใน', 'F2', 10, '34', 'อุบลราชธานี', 'F2', 'F2'),
	('10947', 'รพ.เขมราฐ', 'F2', 10, '34', 'อุบลราชธานี', 'F2', 'F2'),
	('10948', 'รพ.นาจะหลวย', 'F2', 10, '34', 'อุบลราชธานี', 'F2', 'F2'),
	('10949', 'รพ.น้ำยืน', 'F2', 10, '34', 'อุบลราชธานี', 'F2', 'F2'),
	('10950', 'รพ.บุณฑริก', 'F2', 10, '34', 'อุบลราชธานี', 'F2', 'F2'),
	('10951', 'รพ.ตระการพืชผล', 'M2', 10, '34', 'อุบลราชธานี', 'M2', 'M2'),
	('10952', 'รพ.กุดข้าวปุ้น', 'F2', 10, '34', 'อุบลราชธานี', 'F2', 'F2'),
	('10953', 'รพ.ม่วงสามสิบ', 'F2', 10, '34', 'อุบลราชธานี', 'F2', 'F2'),
	('10954', 'รพ.วารินชำราบ', 'M1', 10, '34', 'อุบลราชธานี', 'M1รพช', 'M1'),
	('10956', 'รพ.พิบูลมังสาหาร', 'M2', 10, '34', 'อุบลราชธานี', 'M2', 'M2'),
	('10957', 'รพ.ตาลสุม', 'F2', 10, '34', 'อุบลราชธานี', 'F2', 'F2'),
	('10958', 'รพ.โพธิ์ไทร', 'F2', 10, '34', 'อุบลราชธานี', 'F2', 'F2'),
	('10959', 'รพ.สำโรง', 'F2', 10, '34', 'อุบลราชธานี', 'F2', 'F2'),
	('10960', 'รพ.ดอนมดแดง', 'F2', 10, '34', 'อุบลราชธานี', 'F2', 'F2'),
	('10961', 'รพ.สิรินธร', 'F2', 10, '34', 'อุบลราชธานี', 'F2', 'F2'),
	('10962', 'รพ.ทุ่งศรีอุดม', 'F2', 10, '34', 'อุบลราชธานี', 'F2', 'F2'),
	('10963', 'รพ.ทรายมูล', 'F2', 10, '35', 'ยโสธร', 'F2', 'F2'),
	('10964', 'รพ.กุดชุม', 'F2', 10, '35', 'ยโสธร', 'F2', 'F2'),
	('10965', 'รพ.คำเขื่อนแก้ว', 'F2', 10, '35', 'ยโสธร', 'F2', 'F2'),
	('10966', 'รพ.ป่าติ้ว', 'F2', 10, '35', 'ยโสธร', 'F2', 'F2'),
	('10967', 'รพ.มหาชนะชัย', 'F2', 10, '35', 'ยโสธร', 'F2', 'F2'),
	('10968', 'รพ.ค้อวัง', 'F2', 10, '35', 'ยโสธร', 'F2', 'F2'),
	('10969', 'รพ.ไทยเจริญ', 'F3', 10, '35', 'ยโสธร', 'F3', 'F3'),
	('10970', 'รพ.บ้านเขว้า', 'F2', 9, '36', 'ชัยภูมิ', 'F2', 'F2'),
	('10971', 'รพ.คอนสวรรค์', 'F2', 9, '36', 'ชัยภูมิ', 'F2', 'F2'),
	('10972', 'รพ.เกษตรสมบูรณ์', 'F2', 9, '36', 'ชัยภูมิ', 'F2', 'F2'),
	('10973', 'รพ.หนองบัวแดง', 'M2', 9, '36', 'ชัยภูมิ', 'M2', 'M2'),
	('10974', 'รพ.จัตุรัส', 'F1', 9, '36', 'ชัยภูมิ', 'F1', 'F1'),
	('10975', 'รพ.บำเหน็จณรงค์', 'F1', 9, '36', 'ชัยภูมิ', 'F1', 'F1'),
	('10976', 'รพ.หนองบัวระเหว', 'F2', 9, '36', 'ชัยภูมิ', 'F2', 'F2'),
	('10977', 'รพ.เทพสถิต', 'F2', 9, '36', 'ชัยภูมิ', 'F2', 'F2'),
	('10978', 'รพ.ภูเขียว', 'M2', 9, '36', 'ชัยภูมิ', 'M2', 'M2'),
	('10979', 'รพ.บ้านแท่น', 'F2', 9, '36', 'ชัยภูมิ', 'F2', 'F2'),
	('10980', 'รพ.แก้งคร้อ', 'M2', 9, '36', 'ชัยภูมิ', 'M2', 'M2'),
	('10981', 'รพ.คอนสาร', 'F2', 9, '36', 'ชัยภูมิ', 'F2', 'F2'),
	('10982', 'รพ.ภักดีชุมพล', 'F2', 9, '36', 'ชัยภูมิ', 'F2', 'F2'),
	('10983', 'รพ.เนินสง่า', 'F2', 9, '36', 'ชัยภูมิ', 'F2', 'F2'),
	('10985', 'รพ.ชานุมาน', 'F2', 10, '37', 'อำนาจเจริญ', 'F2', 'F2'),
	('10986', 'รพ.ปทุมราชวงศา', 'F2', 10, '37', 'อำนาจเจริญ', 'F2', 'F2'),
	('10987', 'รพ.พนา', 'F2', 10, '37', 'อำนาจเจริญ', 'F2', 'F2'),
	('10988', 'รพ.เสนางคนิคม', 'F2', 10, '37', 'อำนาจเจริญ', 'F2', 'F2'),
	('10989', 'รพ.หัวตะพาน', 'F2', 10, '37', 'อำนาจเจริญ', 'F2', 'F2'),
	('10990', 'รพ.ลืออำนาจ', 'F2', 10, '37', 'อำนาจเจริญ', 'F2', 'F2'),
	('10991', 'รพ.นากลาง', 'F2', 8, '39', 'หนองบัวลำภู', 'F2', 'F2'),
	('10992', 'รพ.โนนสัง', 'F2', 8, '39', 'หนองบัวลำภู', 'F2', 'F2'),
	('10993', 'รพ.ศรีบุญเรือง', 'F1', 8, '39', 'หนองบัวลำภู', 'F1', 'F1'),
	('10994', 'รพ.สุวรรณคูหา', 'F2', 8, '39', 'หนองบัวลำภู', 'F2', 'F2'),
	('10995', 'รพ.บ้านฝาง', 'F2', 7, '40', 'ขอนแก่น', 'F2', 'F2'),
	('10996', 'รพ.พระยืน', 'F2', 7, '40', 'ขอนแก่น', 'F2', 'F2'),
	('10997', 'รพ.หนองเรือ', 'F2', 7, '40', 'ขอนแก่น', 'F2', 'F2'),
	('10998', 'รพ.ชุมแพ', 'M1', 7, '40', 'ขอนแก่น', 'M1รพช', 'M1'),
	('10999', 'รพ.สีชมพู', 'F2', 7, '40', 'ขอนแก่น', 'F2', 'F2'),
	('11000', 'รพ.น้ำพอง', 'F1', 7, '40', 'ขอนแก่น', 'F1', 'F1'),
	('11001', 'รพ.อุบลรัตน์', 'F2', 7, '40', 'ขอนแก่น', 'F2', 'F2'),
	('11002', 'รพ.บ้านไผ่', 'M2', 7, '40', 'ขอนแก่น', 'M2', 'M2'),
	('11003', 'รพ.เปือยน้อย', 'F2', 7, '40', 'ขอนแก่น', 'F2', 'F2'),
	('11004', 'รพ.พล', 'M2', 7, '40', 'ขอนแก่น', 'M2', 'M2'),
	('11005', 'รพ.แวงใหญ่', 'F2', 7, '40', 'ขอนแก่น', 'F2', 'F2'),
	('11006', 'รพ.แวงน้อย', 'F2', 7, '40', 'ขอนแก่น', 'F2', 'F2'),
	('11007', 'รพ.หนองสองห้อง', 'F2', 7, '40', 'ขอนแก่น', 'F2', 'F2'),
	('11008', 'รพ.ภูเวียง', 'F2', 7, '40', 'ขอนแก่น', 'F2', 'F2'),
	('11009', 'รพ.มัญจาคีรี', 'F2', 7, '40', 'ขอนแก่น', 'F2', 'F2'),
	('11010', 'รพ.ชนบท', 'F2', 7, '40', 'ขอนแก่น', 'F2', 'F2'),
	('11011', 'รพ.เขาสวนกวาง', 'F2', 7, '40', 'ขอนแก่น', 'F2', 'F2'),
	('11012', 'รพ.ภูผาม่าน', 'F2', 7, '40', 'ขอนแก่น', 'F2', 'F2'),
	('11013', 'รพ.กุดจับ', 'F2', 8, '41', 'อุดรธานี', 'F2', 'F2'),
	('11014', 'รพ.หนองวัวซอ', 'F2', 8, '41', 'อุดรธานี', 'F2', 'F2'),
	('11015', 'รพ.กุมภวาปี', 'M1', 8, '41', 'อุดรธานี', 'M1รพช', 'M1'),
	('11016', 'รพ.ห้วยเกิ้ง', 'F3', 8, '41', 'อุดรธานี', 'F3', 'F3'),
	('11017', 'รพ.โนนสะอาด', 'F2', 8, '41', 'อุดรธานี', 'F2', 'F2'),
	('11018', 'รพ.หนองหาน', 'M2', 8, '41', 'อุดรธานี', 'M2', 'M2'),
	('11019', 'รพ.ทุ่งฝน', 'F2', 8, '41', 'อุดรธานี', 'F2', 'F2'),
	('11020', 'รพ.ไชยวาน', 'F2', 8, '41', 'อุดรธานี', 'F2', 'F2'),
	('11021', 'รพ.ศรีธาตุ', 'F2', 8, '41', 'อุดรธานี', 'F2', 'F2'),
	('11022', 'รพ.วังสามหมอ', 'F2', 8, '41', 'อุดรธานี', 'F2', 'F2'),
	('11023', 'รพ.บ้านผือ', 'M2', 8, '41', 'อุดรธานี', 'M2', 'M2'),
	('11024', 'รพ.น้ำโสม', 'F2', 8, '41', 'อุดรธานี', 'F2', 'F2'),
	('11025', 'รพ.เพ็ญ', 'F1', 8, '41', 'อุดรธานี', 'F1', 'F1'),
	('11026', 'รพ.สร้างคอม', 'F2', 8, '41', 'อุดรธานี', 'F2', 'F2'),
	('11027', 'รพ.หนองแสง', 'F2', 8, '41', 'อุดรธานี', 'F2', 'F2'),
	('11028', 'รพ.นายูง', 'F2', 8, '41', 'อุดรธานี', 'F2', 'F2'),
	('11029', 'รพ.พิบูลย์รักษ์', 'F2', 8, '41', 'อุดรธานี', 'F2', 'F2'),
	('11030', 'รพ.นาด้วง', 'F2', 8, '42', 'เลย', 'F2', 'F2'),
	('11031', 'รพ.เชียงคาน', 'F2', 8, '42', 'เลย', 'F2', 'F2'),
	('11032', 'รพ.ปากชม', 'F2', 8, '42', 'เลย', 'F2', 'F2'),
	('11033', 'รพ.นาแห้ว', 'F2', 8, '42', 'เลย', 'F2', 'F2'),
	('11034', 'รพ.ภูเรือ', 'F2', 8, '42', 'เลย', 'F2', 'F2'),
	('11035', 'รพ.ท่าลี่', 'F2', 8, '42', 'เลย', 'F2', 'F2'),
	('11036', 'รพ.วังสะพุง', 'F2', 8, '42', 'เลย', 'F2', 'F2'),
	('11037', 'รพ.ภูกระดึง', 'F2', 8, '42', 'เลย', 'F2', 'F2'),
	('11038', 'รพ.ภูหลวง', 'F2', 8, '42', 'เลย', 'F2', 'F2'),
	('11039', 'รพ.ผาขาว', 'F2', 8, '42', 'เลย', 'F2', 'F2'),
	('11040', 'รพ.บึงกาฬ', 'S', 8, '38', 'บึงกาฬ', 'S<=300เตียง', 's'),
	('11041', 'รพ.พรเจริญ', 'F2', 8, '38', 'บึงกาฬ', 'F2', 'F2'),
	('11042', 'รพ.โพนพิสัย', 'F1', 8, '43', 'หนองคาย', 'F1', 'F1'),
	('11043', 'รพ.โซ่พิสัย', 'F2', 8, '38', 'บึงกาฬ', 'F2', 'F2'),
	('11044', 'รพ.ศรีเชียงใหม่', 'F2', 8, '43', 'หนองคาย', 'F2', 'F2'),
	('11045', 'รพ.สังคม', 'F2', 8, '43', 'หนองคาย', 'F2', 'F2'),
	('11046', 'รพ.เซกา', 'F1', 8, '38', 'บึงกาฬ', 'F1', 'F1'),
	('11047', 'รพ.ปากคาด', 'F2', 8, '38', 'บึงกาฬ', 'F2', 'F2'),
	('11048', 'รพ.บึงโขงหลง', 'F2', 8, '38', 'บึงกาฬ', 'F2', 'F2'),
	('11049', 'รพ.ศรีวิไล', 'F2', 8, '38', 'บึงกาฬ', 'F2', 'F2'),
	('11050', 'รพ.บุ่งคล้า', 'F3', 8, '38', 'บึงกาฬ', 'F3', 'F3'),
	('11051', 'รพ.แกดำ', 'F2', 7, '44', 'มหาสารคาม', 'F2', 'F2'),
	('11052', 'รพ.โกสุมพิสัย', 'F1', 7, '44', 'มหาสารคาม', 'F1', 'F1'),
	('11053', 'รพ.กันทรวิชัย', 'F2', 7, '44', 'มหาสารคาม', 'F2', 'F2'),
	('11054', 'รพ.เชียงยืน', 'F2', 7, '44', 'มหาสารคาม', 'F2', 'F2'),
	('11055', 'รพ.บรบือ', 'M2', 7, '44', 'มหาสารคาม', 'M2', 'M2'),
	('11056', 'รพ.นาเชือก', 'F2', 7, '44', 'มหาสารคาม', 'F2', 'F2'),
	('11057', 'รพ.พยัคฆภูมิพิสัย', 'M2', 7, '44', 'มหาสารคาม', 'M2', 'M2'),
	('11058', 'รพ.วาปีปทุม', 'F1', 7, '44', 'มหาสารคาม', 'F1', 'F1'),
	('11059', 'รพ.นาดูน', 'F2', 7, '44', 'มหาสารคาม', 'F2', 'F2'),
	('11060', 'รพ.ยางสีสุราช', 'F2', 7, '44', 'มหาสารคาม', 'F2', 'F2'),
	('11061', 'รพ.เกษตรวิสัย', 'M2', 7, '45', 'ร้อยเอ็ด', 'M2', 'M2'),
	('11062', 'รพ.ปทุมรัตต์', 'F2', 7, '45', 'ร้อยเอ็ด', 'F2', 'F2'),
	('11063', 'รพ.จตุรพักตรพิมาน', 'F2', 7, '45', 'ร้อยเอ็ด', 'F2', 'F2'),
	('11064', 'รพ.ธวัชบุรี', 'F2', 7, '45', 'ร้อยเอ็ด', 'F2', 'F2'),
	('11065', 'รพ.พนมไพร', 'F1', 7, '45', 'ร้อยเอ็ด', 'F1', 'F1'),
	('11066', 'รพ.โพนทอง', 'M2', 7, '45', 'ร้อยเอ็ด', 'M2', 'M2'),
	('11067', 'รพ.โพธิ์ชัย', 'F2', 7, '45', 'ร้อยเอ็ด', 'F2', 'F2'),
	('11068', 'รพ.หนองพอก', 'F2', 7, '45', 'ร้อยเอ็ด', 'F2', 'F2'),
	('11069', 'รพ.เสลภูมิ', 'M2', 7, '45', 'ร้อยเอ็ด', 'M2', 'M2'),
	('11070', 'รพ.สุวรรณภูมิ', 'M2', 7, '45', 'ร้อยเอ็ด', 'M2', 'M2'),
	('11071', 'รพ.เมืองสรวง', 'F2', 7, '45', 'ร้อยเอ็ด', 'F2', 'F2'),
	('11072', 'รพ.โพนทราย', 'F2', 7, '45', 'ร้อยเอ็ด', 'F2', 'F2'),
	('11073', 'รพ.อาจสามารถ', 'F2', 7, '45', 'ร้อยเอ็ด', 'F2', 'F2'),
	('11074', 'รพ.เมยวดี', 'F2', 7, '45', 'ร้อยเอ็ด', 'F2', 'F2'),
	('11075', 'รพ.ศรีสมเด็จ', 'F2', 7, '45', 'ร้อยเอ็ด', 'F2', 'F2'),
	('11076', 'รพ.จังหาร', 'F2', 7, '45', 'ร้อยเอ็ด', 'F2', 'F2'),
	('11077', 'รพ.นามน', 'F2', 7, '46', 'กาฬสินธุ์', 'F2', 'F2'),
	('11078', 'รพ.กมลาไสย', 'F1', 7, '46', 'กาฬสินธุ์', 'F1', 'F1'),
	('11079', 'รพ.ร่องคำ', 'F2', 7, '46', 'กาฬสินธุ์', 'F2', 'F2'),
	('11080', 'รพ.เขาวง', 'F2', 7, '46', 'กาฬสินธุ์', 'F2', 'F2'),
	('11081', 'รพ.ยางตลาด', 'M2', 7, '46', 'กาฬสินธุ์', 'M2', 'M2'),
	('11082', 'รพ.ห้วยเม็ก', 'F2', 7, '46', 'กาฬสินธุ์', 'F2', 'F2'),
	('11083', 'รพ.สหัสขันธ์', 'F2', 7, '46', 'กาฬสินธุ์', 'F2', 'F2'),
	('11084', 'รพ.คำม่วง', 'F2', 7, '46', 'กาฬสินธุ์', 'F2', 'F2'),
	('11085', 'รพ.ท่าคันโท', 'F2', 7, '46', 'กาฬสินธุ์', 'F2', 'F2'),
	('11086', 'รพ.หนองกุงศรี', 'F2', 7, '46', 'กาฬสินธุ์', 'F2', 'F2'),
	('11087', 'รพ.สมเด็จ', 'M2', 7, '46', 'กาฬสินธุ์', 'M2', 'M2'),
	('11088', 'รพ.ห้วยผึ้ง', 'F2', 7, '46', 'กาฬสินธุ์', 'F2', 'F2'),
	('11089', 'รพ.กุสุมาลย์', 'F2', 8, '47', 'สกลนคร', 'F2', 'F2'),
	('11090', 'รพ.กุดบาก', 'F2', 8, '47', 'สกลนคร', 'F2', 'F2'),
	('11091', 'รพ.พระอาจารย์ฝั้นอาจาโร', 'F2', 8, '47', 'สกลนคร', 'F2', 'F2'),
	('11092', 'รพ.พังโคน', 'F1', 8, '47', 'สกลนคร', 'F1', 'F1'),
	('11093', 'รพ.วาริชภูมิ', 'F2', 8, '47', 'สกลนคร', 'F2', 'F2'),
	('11094', 'รพ.นิคมน้ำอูน', 'F3', 8, '47', 'สกลนคร', 'F3', 'F3'),
	('11095', 'รพ.วานรนิวาส', 'M2', 8, '47', 'สกลนคร', 'M2', 'M2'),
	('11096', 'รพ.คำตากล้า', 'F2', 8, '47', 'สกลนคร', 'F2', 'F2'),
	('11097', 'รพ.บ้านม่วง', 'F2', 8, '47', 'สกลนคร', 'F2', 'F2'),
	('11098', 'รพ.อากาศอำนวย', 'F2', 8, '47', 'สกลนคร', 'F2', 'F2'),
	('11099', 'รพ.ส่องดาว', 'F2', 8, '47', 'สกลนคร', 'F2', 'F2'),
	('11100', 'รพ.เต่างอย', 'F2', 8, '47', 'สกลนคร', 'F2', 'F2'),
	('11101', 'รพ.โคกศรีสุพรรณ', 'F2', 8, '47', 'สกลนคร', 'F2', 'F2'),
	('11102', 'รพ.เจริญศิลป์', 'F2', 8, '47', 'สกลนคร', 'F2', 'F2'),
	('11103', 'รพ.โพนนาแก้ว', 'F2', 8, '47', 'สกลนคร', 'F2', 'F2'),
	('11104', 'รพ.ปลาปาก', 'F2', 8, '48', 'นครพนม', 'F2', 'F2'),
	('11105', 'รพ.ท่าอุเทน', 'F2', 8, '48', 'นครพนม', 'F2', 'F2'),
	('11106', 'รพ.บ้านแพง', 'F2', 8, '48', 'นครพนม', 'F2', 'F2'),
	('11107', 'รพ.นาทม', 'F2', 8, '48', 'นครพนม', 'F2', 'F2'),
	('11108', 'รพ.เรณูนคร', 'F2', 8, '48', 'นครพนม', 'F2', 'F2'),
	('11109', 'รพ.นาแก', 'F2', 8, '48', 'นครพนม', 'F2', 'F2'),
	('11110', 'รพ.ศรีสงคราม', 'F1', 8, '48', 'นครพนม', 'F1', 'F1'),
	('11111', 'รพ.นาหว้า', 'F2', 8, '48', 'นครพนม', 'F2', 'F2'),
	('11112', 'รพ.โพนสวรรค์', 'F2', 8, '48', 'นครพนม', 'F2', 'F2'),
	('11113', 'รพ.นิคมคำสร้อย', 'F2', 10, '49', 'มุกดาหาร', 'F2', 'F2'),
	('11114', 'รพ.ดอนตาล', 'F2', 10, '49', 'มุกดาหาร', 'F2', 'F2'),
	('11115', 'รพ.ดงหลวง', 'F2', 10, '49', 'มุกดาหาร', 'F2', 'F2'),
	('11116', 'รพ.คำชะอี', 'F2', 10, '49', 'มุกดาหาร', 'F2', 'F2'),
	('11117', 'รพ.หว้านใหญ่', 'F2', 10, '49', 'มุกดาหาร', 'F2', 'F2'),
	('11118', 'รพ.หนองสูง', 'F2', 10, '49', 'มุกดาหาร', 'F2', 'F2'),
	('11119', 'รพ.จอมทอง', 'M1', 1, '50', 'เชียงใหม่', 'M1รพช', 'M1'),
	('11120', 'รพ.แม่แจ่ม', 'F2', 1, '50', 'เชียงใหม่', 'F2', 'F2'),
	('11121', 'รพ.เชียงดาว', 'F1', 1, '50', 'เชียงใหม่', 'F1', 'F1'),
	('11122', 'รพ.ดอยสะเก็ด', 'F2', 1, '50', 'เชียงใหม่', 'F2', 'F2'),
	('11123', 'รพ.แม่แตง', 'F2', 1, '50', 'เชียงใหม่', 'F2', 'F2'),
	('11124', 'รพ.สะเมิง', 'F2', 1, '50', 'เชียงใหม่', 'F2', 'F2'),
	('11125', 'รพ.ฝาง', 'M1', 1, '50', 'เชียงใหม่', 'M1รพช', 'M1'),
	('11126', 'รพ.แม่อาย', 'F2', 1, '50', 'เชียงใหม่', 'F2', 'F2'),
	('11127', 'รพ.พร้าว', 'F2', 1, '50', 'เชียงใหม่', 'F2', 'F2'),
	('11128', 'รพ.สันป่าตอง', 'M2', 1, '50', 'เชียงใหม่', 'M2', 'M2'),
	('11129', 'รพ.สันกำแพง', 'F2', 1, '50', 'เชียงใหม่', 'F2', 'F2'),
	('11130', 'รพ.สันทราย', 'M2', 1, '50', 'เชียงใหม่', 'M2', 'M2'),
	('11131', 'รพ.หางดง', 'M2', 1, '50', 'เชียงใหม่', 'M2', 'M2'),
	('11132', 'รพ.ฮอด', 'F2', 1, '50', 'เชียงใหม่', 'F2', 'F2'),
	('11133', 'รพ.ดอยเต่า', 'F2', 1, '50', 'เชียงใหม่', 'F2', 'F2'),
	('11134', 'รพ.อมก๋อย', 'F2', 1, '50', 'เชียงใหม่', 'F2', 'F2'),
	('11135', 'รพ.สารภี', 'F2', 1, '50', 'เชียงใหม่', 'F2', 'F2'),
	('11136', 'รพ.เวียงแหง', 'F2', 1, '50', 'เชียงใหม่', 'F2', 'F2'),
	('11137', 'รพ.ไชยปราการ', 'F2', 1, '50', 'เชียงใหม่', 'F2', 'F2'),
	('11138', 'รพ.แม่วาง', 'F2', 1, '50', 'เชียงใหม่', 'F2', 'F2'),
	('11139', 'รพ.แม่ออน', 'F2', 1, '50', 'เชียงใหม่', 'F2', 'F2'),
	('11140', 'รพ.แม่ทา', 'F2', 1, '51', 'ลำพูน', 'F2', 'F2'),
	('11141', 'รพ.บ้านโฮ่ง', 'F2', 1, '51', 'ลำพูน', 'F2', 'F2'),
	('11142', 'รพ.ลี้', 'M2', 1, '51', 'ลำพูน', 'M2', 'M2'),
	('11143', 'รพ.ทุ่งหัวช้าง', 'F2', 1, '51', 'ลำพูน', 'F2', 'F2'),
	('11144', 'รพ.ป่าซาง', 'F2', 1, '51', 'ลำพูน', 'F2', 'F2'),
	('11145', 'รพ.บ้านธิ', 'F2', 1, '51', 'ลำพูน', 'F2', 'F2'),
	('11146', 'รพ.แม่เมาะ', 'F2', 1, '52', 'ลำปาง', 'F2', 'F2'),
	('11147', 'รพ.เกาะคา', 'M2', 1, '52', 'ลำปาง', 'M2', 'M2'),
	('11148', 'รพ.เสริมงาม', 'F2', 1, '52', 'ลำปาง', 'F2', 'F2'),
	('11149', 'รพ.งาว', 'F2', 1, '52', 'ลำปาง', 'F2', 'F2'),
	('11150', 'รพ.แจ้ห่ม', 'F2', 1, '52', 'ลำปาง', 'F2', 'F2'),
	('11151', 'รพ.วังเหนือ', 'F2', 1, '52', 'ลำปาง', 'F2', 'F2'),
	('11152', 'รพ.เถิน', 'M2', 1, '52', 'ลำปาง', 'M2', 'M2'),
	('11153', 'รพ.แม่พริก', 'F2', 1, '52', 'ลำปาง', 'F2', 'F2'),
	('11154', 'รพ.แม่ทะ', 'F2', 1, '52', 'ลำปาง', 'F2', 'F2'),
	('11155', 'รพ.สบปราบ', 'F2', 1, '52', 'ลำปาง', 'F2', 'F2'),
	('11156', 'รพ.ห้างฉัตร', 'F2', 1, '52', 'ลำปาง', 'F2', 'F2'),
	('11157', 'รพ.เมืองปาน', 'F2', 1, '52', 'ลำปาง', 'F2', 'F2'),
	('11158', 'รพ.ตรอน', 'F2', 2, '53', 'อุตรดิตถ์', 'F2', 'F2'),
	('11159', 'รพ.ท่าปลา', 'F2', 2, '53', 'อุตรดิตถ์', 'F2', 'F2'),
	('11160', 'รพ.น้ำปาด', 'F1', 2, '53', 'อุตรดิตถ์', 'F1', 'F1'),
	('11161', 'รพ.ฟากท่า', 'F2', 2, '53', 'อุตรดิตถ์', 'F2', 'F2'),
	('11162', 'รพ.บ้านโคก', 'F2', 2, '53', 'อุตรดิตถ์', 'F2', 'F2'),
	('11163', 'รพ.พิชัย', 'F2', 2, '53', 'อุตรดิตถ์', 'F2', 'F2'),
	('11164', 'รพ.ลับแล', 'F2', 2, '53', 'อุตรดิตถ์', 'F2', 'F2'),
	('11165', 'รพ.ทองแสนขัน', 'F2', 2, '53', 'อุตรดิตถ์', 'F2', 'F2'),
	('11166', 'รพ.ร้องกวาง', 'F2', 1, '54', 'แพร่', 'F2', 'F2'),
	('11167', 'รพ.ลอง', 'F2', 1, '54', 'แพร่', 'F2', 'F2'),
	('11169', 'รพ.สูงเม่น', 'F2', 1, '54', 'แพร่', 'F2', 'F2'),
	('11170', 'รพ.สอง', 'F2', 1, '54', 'แพร่', 'F2', 'F2'),
	('11171', 'รพ.วังชิ้น', 'F2', 1, '54', 'แพร่', 'F2', 'F2'),
	('11172', 'รพ.หนองม่วงไข่', 'F2', 1, '54', 'แพร่', 'F2', 'F2'),
	('11173', 'รพ.แม่จริม', 'F2', 1, '55', 'น่าน', 'F2', 'F2'),
	('11174', 'รพ.บ้านหลวง', 'F2', 1, '55', 'น่าน', 'F2', 'F2'),
	('11175', 'รพ.นาน้อย', 'F2', 1, '55', 'น่าน', 'F2', 'F2'),
	('11176', 'รพ.ท่าวังผา', 'F2', 1, '55', 'น่าน', 'F2', 'F2'),
	('11177', 'รพ.เวียงสา', 'F2', 1, '55', 'น่าน', 'F2', 'F2'),
	('11178', 'รพ.ทุ่งช้าง', 'F2', 1, '55', 'น่าน', 'F2', 'F2'),
	('11179', 'รพ.เชียงกลาง', 'F2', 1, '55', 'น่าน', 'F2', 'F2'),
	('11180', 'รพ.นาหมื่น', 'F2', 1, '55', 'น่าน', 'F2', 'F2'),
	('11181', 'รพ.สันติสุข', 'F2', 1, '55', 'น่าน', 'F2', 'F2'),
	('11182', 'รพ.บ่อเกลือ', 'F2', 1, '55', 'น่าน', 'F2', 'F2'),
	('11183', 'รพ.สองแคว', 'F2', 1, '55', 'น่าน', 'F2', 'F2'),
	('11184', 'รพ.จุน', 'F2', 1, '56', 'พะเยา', 'F2', 'F2'),
	('11185', 'รพ.เชียงม่วน', 'F2', 1, '56', 'พะเยา', 'F2', 'F2'),
	('11186', 'รพ.ดอกคำใต้', 'F2', 1, '56', 'พะเยา', 'F2', 'F2'),
	('11187', 'รพ.ปง', 'F2', 1, '56', 'พะเยา', 'F2', 'F2'),
	('11188', 'รพ.แม่ใจ', 'F2', 1, '56', 'พะเยา', 'F2', 'F2'),
	('11189', 'รพ.เทิง', 'F1', 1, '57', 'เชียงราย', 'F1', 'F1'),
	('11190', 'รพ.พาน', 'F1', 1, '57', 'เชียงราย', 'F1', 'F1'),
	('11191', 'รพ.ป่าแดด', 'F2', 1, '57', 'เชียงราย', 'F2', 'F2'),
	('11192', 'รพ.แม่จัน', 'M2', 1, '57', 'เชียงราย', 'M2', 'M2'),
	('11193', 'รพ.เชียงแสน', 'F2', 1, '57', 'เชียงราย', 'F2', 'F2'),
	('11194', 'รพ.แม่สาย', 'M2', 1, '57', 'เชียงราย', 'M2', 'M2'),
	('11195', 'รพ.แม่สรวย', 'F2', 1, '57', 'เชียงราย', 'F2', 'F2'),
	('11196', 'รพ.เวียงป่าเป้า', 'F1', 1, '57', 'เชียงราย', 'F1', 'F1'),
	('11197', 'รพ.พญาเม็งราย', 'F2', 1, '57', 'เชียงราย', 'F2', 'F2'),
	('11198', 'รพ.เวียงแก่น', 'F2', 1, '57', 'เชียงราย', 'F2', 'F2'),
	('11199', 'รพ.ขุนตาล', 'F2', 1, '57', 'เชียงราย', 'F2', 'F2'),
	('11200', 'รพ.แม่ฟ้าหลวง', 'F2', 1, '57', 'เชียงราย', 'F2', 'F2'),
	('11201', 'รพ.แม่ลาว', 'F2', 1, '57', 'เชียงราย', 'F2', 'F2'),
	('11202', 'รพ.เวียงเชียงรุ้ง', 'F2', 1, '57', 'เชียงราย', 'F2', 'F2'),
	('11203', 'รพ.ขุนยวม', 'F2', 1, '58', 'แม่ฮ่องสอน', 'F2', 'F2'),
	('11204', 'รพ.ปาย', 'M2', 1, '58', 'แม่ฮ่องสอน', 'M2', 'M2'),
	('11205', 'รพ.แม่สะเรียง', 'M2', 1, '58', 'แม่ฮ่องสอน', 'M2', 'M2'),
	('11206', 'รพ.แม่ลาน้อย', 'F2', 1, '58', 'แม่ฮ่องสอน', 'F2', 'F2'),
	('11207', 'รพ.สบเมย', 'F2', 1, '58', 'แม่ฮ่องสอน', 'F2', 'F2'),
	('11208', 'รพ.ปางมะผ้า', 'F2', 1, '58', 'แม่ฮ่องสอน', 'F2', 'F2'),
	('11209', 'รพ.โกรกพระ', 'F2', 3, '60', 'นครสวรรค์', 'F2', 'F2'),
	('11210', 'รพ.ชุมแสง', 'M2', 3, '60', 'นครสวรรค์', 'M2', 'M2'),
	('11211', 'รพ.หนองบัว', 'F2', 3, '60', 'นครสวรรค์', 'F2', 'F2'),
	('11212', 'รพ.บรรพตพิสัย', 'F2', 3, '60', 'นครสวรรค์', 'F2', 'F2'),
	('11213', 'รพ.เก้าเลี้ยว', 'F2', 3, '60', 'นครสวรรค์', 'F2', 'F2'),
	('11214', 'รพ.ตาคลี', 'M2', 3, '60', 'นครสวรรค์', 'M2', 'M2'),
	('11215', 'รพ.ท่าตะโก', 'F1', 3, '60', 'นครสวรรค์', 'F1', 'F1'),
	('11216', 'รพ.ไพศาลี', 'F2', 3, '60', 'นครสวรรค์', 'F2', 'F2'),
	('11217', 'รพ.พยุหะคีรี', 'F2', 3, '60', 'นครสวรรค์', 'F2', 'F2'),
	('11218', 'รพ.ลาดยาว', 'M2', 3, '60', 'นครสวรรค์', 'M2', 'M2'),
	('11219', 'รพ.ตากฟ้า', 'F2', 3, '60', 'นครสวรรค์', 'F2', 'F2'),
	('11220', 'รพ.แม่วงก์', 'F2', 3, '60', 'นครสวรรค์', 'F2', 'F2'),
	('11221', 'รพ.ทัพทัน', 'F2', 3, '61', 'อุทัยธานี', 'F2', 'F2'),
	('11222', 'รพ.สว่างอารมณ์', 'F2', 3, '61', 'อุทัยธานี', 'F2', 'F2'),
	('11223', 'รพ.หนองฉาง', 'F1', 3, '61', 'อุทัยธานี', 'F1', 'F1'),
	('11224', 'รพ.หนองขาหย่าง', 'F3', 3, '61', 'อุทัยธานี', 'F3', 'F3'),
	('11225', 'รพ.บ้านไร่', 'F2', 3, '61', 'อุทัยธานี', 'F2', 'F2'),
	('11226', 'รพ.ลานสัก', 'F2', 3, '61', 'อุทัยธานี', 'F2', 'F2'),
	('11227', 'รพ.ห้วยคต', 'F2', 3, '61', 'อุทัยธานี', 'F2', 'F2'),
	('11228', 'รพ.ทุ่งโพธิ์ทะเล', 'F3', 3, '62', 'กำแพงเพชร', 'F3', 'F3'),
	('11229', 'รพ.ไทรงาม', 'F2', 3, '62', 'กำแพงเพชร', 'F2', 'F2'),
	('11230', 'รพ.คลองลาน', 'F2', 3, '62', 'กำแพงเพชร', 'F2', 'F2'),
	('11231', 'รพ.ขาณุวรลักษบุรี', 'M2', 3, '62', 'กำแพงเพชร', 'M2', 'M2'),
	('11232', 'รพ.คลองขลุง', 'F1', 3, '62', 'กำแพงเพชร', 'F1', 'F1'),
	('11233', 'รพ.พรานกระต่าย', 'F2', 3, '62', 'กำแพงเพชร', 'F2', 'F2'),
	('11234', 'รพ.ลานกระบือ', 'F2', 3, '62', 'กำแพงเพชร', 'F2', 'F2'),
	('11235', 'รพ.ทรายทองวัฒนา', 'F2', 3, '62', 'กำแพงเพชร', 'F2', 'F2'),
	('11236', 'รพ.ปางศิลาทอง', 'F2', 3, '62', 'กำแพงเพชร', 'F2', 'F2'),
	('11238', 'รพ.บ้านตาก', 'F2', 2, '63', 'ตาก', 'F2', 'F2'),
	('11239', 'รพ.สามเงา', 'F2', 2, '63', 'ตาก', 'F2', 'F2'),
	('11240', 'รพ.แม่ระมาด', 'F2', 2, '63', 'ตาก', 'F2', 'F2'),
	('11241', 'รพ.ท่าสองยาง', 'M2', 2, '63', 'ตาก', 'M2', 'M2'),
	('11242', 'รพ.พบพระ', 'F2', 2, '63', 'ตาก', 'F2', 'F2'),
	('11243', 'รพ.อุ้มผาง', 'M2', 2, '63', 'ตาก', 'M2', 'M2'),
	('11244', 'รพ.บ้านด่านลานหอย', 'F2', 2, '64', 'สุโขทัย', 'F2', 'F2'),
	('11245', 'รพ.คีรีมาศ', 'F2', 2, '64', 'สุโขทัย', 'F2', 'F2'),
	('11246', 'รพ.กงไกรลาศ', 'F2', 2, '64', 'สุโขทัย', 'F2', 'F2'),
	('11247', 'รพ.ศรีสัชนาลัย', 'F2', 2, '64', 'สุโขทัย', 'F2', 'F2'),
	('11248', 'รพ.สวรรคโลก', 'M2', 2, '64', 'สุโขทัย', 'M2', 'M2'),
	('11249', 'รพ.ศรีนคร', 'F2', 2, '64', 'สุโขทัย', 'F2', 'F2'),
	('11250', 'รพ.ทุ่งเสลี่ยม', 'F2', 2, '64', 'สุโขทัย', 'F2', 'F2'),
	('11251', 'รพ.ชาติตระการ', 'F2', 2, '65', 'พิษณุโลก', 'F2', 'F2'),
	('11252', 'รพ.บางระกำ', 'F2', 2, '65', 'พิษณุโลก', 'F2', 'F2'),
	('11253', 'รพ.บางกระทุ่ม', 'F2', 2, '65', 'พิษณุโลก', 'F2', 'F2'),
	('11254', 'รพ.พรหมพิราม', 'F2', 2, '65', 'พิษณุโลก', 'F2', 'F2'),
	('11255', 'รพ.วัดโบสถ์', 'F2', 2, '65', 'พิษณุโลก', 'F2', 'F2'),
	('11256', 'รพ.วังทอง', 'F2', 2, '65', 'พิษณุโลก', 'F2', 'F2'),
	('11257', 'รพ.เนินมะปราง', 'F2', 2, '65', 'พิษณุโลก', 'F2', 'F2'),
	('11258', 'รพ.วังทรายพูน', 'F2', 3, '66', 'พิจิตร', 'F2', 'F2'),
	('11259', 'รพ.โพธิ์ประทับช้าง', 'F2', 3, '66', 'พิจิตร', 'F2', 'F2'),
	('11260', 'รพ.บางมูลนาก', 'M2', 3, '66', 'พิจิตร', 'M2', 'M2'),
	('11261', 'รพ.โพทะเล', 'F2', 3, '66', 'พิจิตร', 'F2', 'F2'),
	('11262', 'รพ.สามง่าม', 'F2', 3, '66', 'พิจิตร', 'F2', 'F2'),
	('11263', 'รพ.ทับคล้อ', 'F2', 3, '66', 'พิจิตร', 'F2', 'F2'),
	('11264', 'รพ.ชนแดน', 'F2', 2, '67', 'เพชรบูรณ์', 'F2', 'F2'),
	('11265', 'รพ.หล่มสัก', 'M2', 2, '67', 'เพชรบูรณ์', 'M2', 'M2'),
	('11266', 'รพ.วิเชียรบุรี', 'M2', 2, '67', 'เพชรบูรณ์', 'M2', 'M2'),
	('11267', 'รพ.ศรีเทพ', 'F2', 2, '67', 'เพชรบูรณ์', 'F2', 'F2'),
	('11268', 'รพ.หนองไผ่', 'F1', 2, '67', 'เพชรบูรณ์', 'F1', 'F1'),
	('11269', 'รพ.บึงสามพัน', 'F2', 2, '67', 'เพชรบูรณ์', 'F2', 'F2'),
	('11270', 'รพ.น้ำหนาว', 'F3', 2, '67', 'เพชรบูรณ์', 'F3', 'F3'),
	('11271', 'รพ.วังโป่ง', 'F2', 2, '67', 'เพชรบูรณ์', 'F2', 'F2'),
	('11272', 'รพ.เขาค้อ', 'F2', 2, '67', 'เพชรบูรณ์', 'F2', 'F2'),
	('11273', 'รพ.สวนผึ้ง', 'F2', 5, '70', 'ราชบุรี', 'F2', 'F2'),
	('11274', 'รพ.บางแพ', 'F2', 5, '70', 'ราชบุรี', 'F2', 'F2'),
	('11275', 'รพ.เจ็ดเสมียน', 'F2', 5, '70', 'ราชบุรี', 'F2', 'F2'),
	('11276', 'รพ.ปากท่อ', 'F2', 5, '70', 'ราชบุรี', 'F2', 'F2'),
	('11277', 'รพ.วัดเพลง', 'F2', 5, '70', 'ราชบุรี', 'F2', 'F2'),
	('11278', 'รพ.ไทรโยค', 'F2', 5, '71', 'กาญจนบุรี', 'F2', 'F2'),
	('11279', 'รพ.สมเด็จพระปิยะมหาราชรมณียเขต', 'F2', 5, '71', 'กาญจนบุรี', 'F2', 'F2'),
	('11280', 'รพ.บ่อพลอย', 'F1', 5, '71', 'กาญจนบุรี', 'F1', 'F1'),
	('11281', 'รพ.ท่ากระดาน', 'F2', 5, '71', 'กาญจนบุรี', 'F2', 'F2'),
	('11282', 'รพ.สมเด็จพระสังฆราชองค์ที่19', 'M2', 5, '71', 'กาญจนบุรี', 'M2', 'M2'),
	('11283', 'รพ.ทองผาภูมิ', 'M2', 5, '71', 'กาญจนบุรี', 'M2', 'M2'),
	('11284', 'รพ.สังขละบุรี', 'F2', 5, '71', 'กาญจนบุรี', 'F2', 'F2'),
	('11285', 'รพ.เจ้าคุณไพบูลย์พนมทวน', 'F2', 5, '71', 'กาญจนบุรี', 'F2', 'F2'),
	('11286', 'รพ.เลาขวัญ', 'F2', 5, '71', 'กาญจนบุรี', 'F2', 'F2'),
	('11287', 'รพ.ด่านมะขามเตี้ย', 'F2', 5, '71', 'กาญจนบุรี', 'F2', 'F2'),
	('11288', 'รพ.สถานพระบารมี', 'F2', 5, '71', 'กาญจนบุรี', 'F2', 'F2'),
	('11289', 'รพ.เดิมบางนางบวช', 'F2', 5, '72', 'สุพรรณบุรี', 'F2', 'F2'),
	('11290', 'รพ.ด่านช้าง', 'F1', 5, '72', 'สุพรรณบุรี', 'F1', 'F1'),
	('11291', 'รพ.บางปลาม้า', 'F2', 5, '72', 'สุพรรณบุรี', 'F2', 'F2'),
	('11292', 'รพ.ศรีประจันต์', 'F2', 5, '72', 'สุพรรณบุรี', 'F2', 'F2'),
	('11293', 'รพ.ดอนเจดีย์', 'F2', 5, '72', 'สุพรรณบุรี', 'F2', 'F2'),
	('11294', 'รพ.สามชุก', 'F2', 5, '72', 'สุพรรณบุรี', 'F2', 'F2'),
	('11295', 'รพ.อู่ทอง', 'M2', 5, '72', 'สุพรรณบุรี', 'M2', 'M2'),
	('11296', 'รพ.หนองหญ้าไซ', 'F2', 5, '72', 'สุพรรณบุรี', 'F2', 'F2'),
	('11297', 'รพ.กำแพงแสน', 'F1', 5, '73', 'นครปฐม', 'F1', 'F1'),
	('11298', 'รพ.นครชัยศรี', 'F2', 5, '73', 'นครปฐม', 'F2', 'F2'),
	('11299', 'รพ.ห้วยพลู', 'F2', 5, '73', 'นครปฐม', 'F2', 'F2'),
	('11300', 'รพ.ดอนตูม', 'F2', 5, '73', 'นครปฐม', 'F2', 'F2'),
	('11301', 'รพ.บางเลน', 'F1', 5, '73', 'นครปฐม', 'F1', 'F1'),
	('11302', 'รพ.สามพราน', 'M2', 5, '73', 'นครปฐม', 'M2', 'M2'),
	('11303', 'รพ.พุทธมณฑล', 'F2', 5, '73', 'นครปฐม', 'F2', 'F2'),
	('11304', 'รพ.กระทุ่มแบน', 'M1', 5, '74', 'สมุทรสาคร', 'M1รพช', 'M1'),
	('11306', 'รพ.นภาลัย', 'F1', 5, '75', 'สมุทรสงคราม', 'F1', 'F1'),
	('11307', 'รพ.อัมพวา', 'F2', 5, '75', 'สมุทรสงคราม', 'F2', 'F2'),
	('11308', 'รพ.เขาย้อย', 'F2', 5, '76', 'เพชรบุรี', 'F2', 'F2'),
	('11309', 'รพ.หนองหญ้าปล้อง', 'F2', 5, '76', 'เพชรบุรี', 'F2', 'F2'),
	('11310', 'รพ.ชะอำ', 'M2', 5, '76', 'เพชรบุรี', 'M2', 'M2'),
	('11311', 'รพ.ท่ายาง', 'F1', 5, '76', 'เพชรบุรี', 'F1', 'F1'),
	('11312', 'รพ.บ้านลาด', 'F2', 5, '76', 'เพชรบุรี', 'F2', 'F2'),
	('11313', 'รพ.บ้านแหลม', 'F2', 5, '76', 'เพชรบุรี', 'F2', 'F2'),
	('11314', 'รพ.แก่งกระจาน', 'F2', 5, '76', 'เพชรบุรี', 'F2', 'F2'),
	('11315', 'รพ.กุยบุรี', 'F2', 5, '77', 'ประจวบคีรีขันธ์', 'F2', 'F2'),
	('11316', 'รพ.ทับสะแก', 'F2', 5, '77', 'ประจวบคีรีขันธ์', 'F2', 'F2'),
	('11317', 'รพ.บางสะพาน', 'M2', 5, '77', 'ประจวบคีรีขันธ์', 'M2', 'M2'),
	('11318', 'รพ.บางสะพานน้อย', 'F2', 5, '77', 'ประจวบคีรีขันธ์', 'F2', 'F2'),
	('11319', 'รพ.ปราณบุรี', 'F2', 5, '77', 'ประจวบคีรีขันธ์', 'F2', 'F2'),
	('11320', 'รพ.หัวหิน', 'S', 5, '77', 'ประจวบคีรีขันธ์', 'S>300เตียง', 'Sใหญ่'),
	('11321', 'รพ.สามร้อยยอด', 'F2', 5, '77', 'ประจวบคีรีขันธ์', 'F2', 'F2'),
	('11322', 'รพ.พรหมคีรี', 'F2', 11, '80', 'นครศรีธรรมราช', 'F2', 'F2'),
	('11323', 'รพ.ละอุ่น', 'F3', 11, '85', 'ระนอง', 'F3', 'F3'),
	('11324', 'รพ.ลานสกา', 'F2', 11, '80', 'นครศรีธรรมราช', 'F2', 'F2'),
	('11325', 'รพ.สมเด็จพระยุพราชฉวาง', 'M2', 11, '80', 'นครศรีธรรมราช', 'M2', 'M2'),
	('11326', 'รพ.พิปูน', 'F2', 11, '80', 'นครศรีธรรมราช', 'F2', 'F2'),
	('11327', 'รพ.เชียรใหญ่', 'F1', 11, '80', 'นครศรีธรรมราช', 'F1', 'F1'),
	('11328', 'รพ.ชะอวด', 'F1', 11, '80', 'นครศรีธรรมราช', 'F1', 'F1'),
	('11329', 'รพ.ท่าศาลา', 'M2', 11, '80', 'นครศรีธรรมราช', 'M2', 'M2'),
	('11330', 'รพ.ทุ่งสง', 'M1', 11, '80', 'นครศรีธรรมราช', 'M1รพช', 'M1'),
	('11331', 'รพ.นาบอน', 'F2', 11, '80', 'นครศรีธรรมราช', 'F2', 'F2'),
	('11332', 'รพ.ทุ่งใหญ่', 'F1', 11, '80', 'นครศรีธรรมราช', 'F1', 'F1'),
	('11333', 'รพ.ปากพนัง', 'M2', 11, '80', 'นครศรีธรรมราช', 'M2', 'M2'),
	('11334', 'รพ.ร่อนพิบูลย์', 'F1', 11, '80', 'นครศรีธรรมราช', 'F1', 'F1'),
	('11335', 'รพ.สิชล', 'M1', 11, '80', 'นครศรีธรรมราช', 'M1รพช', 'M1'),
	('11336', 'รพ.ขนอม', 'F2', 11, '80', 'นครศรีธรรมราช', 'F2', 'F2'),
	('11337', 'รพ.หัวไทร', 'F2', 11, '80', 'นครศรีธรรมราช', 'F2', 'F2'),
	('11338', 'รพ.บางขัน', 'F2', 11, '80', 'นครศรีธรรมราช', 'F2', 'F2'),
	('11339', 'รพ.ถ้ำพรรณรา', 'F3', 11, '80', 'นครศรีธรรมราช', 'F3', 'F3'),
	('11340', 'รพ.เขาพนม', 'F2', 11, '81', 'กระบี่', 'F2', 'F2'),
	('11341', 'รพ.เกาะลันตา', 'F3', 11, '81', 'กระบี่', 'F3', 'F3'),
	('11342', 'รพ.คลองท่อม', 'F2', 11, '81', 'กระบี่', 'F2', 'F2'),
	('11343', 'รพ.อ่าวลึก', 'F2', 11, '81', 'กระบี่', 'F2', 'F2'),
	('11344', 'รพ.ปลายพระยา', 'F2', 11, '81', 'กระบี่', 'F2', 'F2'),
	('11345', 'รพ.ลำทับ', 'F2', 11, '81', 'กระบี่', 'F2', 'F2'),
	('11346', 'รพ.เหนือคลอง', 'F2', 11, '81', 'กระบี่', 'F2', 'F2'),
	('11347', 'รพ.เกาะยาวชัยพัฒน์', 'F2', 11, '82', 'พังงา', 'F2', 'F2'),
	('11348', 'รพ.กะปงชัยพัฒน์', 'F2', 11, '82', 'พังงา', 'F2', 'F2'),
	('11349', 'รพ.ตะกั่วทุ่ง', 'F2', 11, '82', 'พังงา', 'F2', 'F2'),
	('11350', 'รพ.บางไทร', 'F3', 11, '82', 'พังงา', 'F3', 'F3'),
	('11352', 'รพ.คุระบุรีชัยพัฒน์', 'F2', 11, '82', 'พังงา', 'F2', 'F2'),
	('11353', 'รพ.ทับปุด', 'F2', 11, '82', 'พังงา', 'F2', 'F2'),
	('11354', 'รพ.ท้ายเหมืองชัยพัฒน์', 'F2', 11, '82', 'พังงา', 'F2', 'F2'),
	('11355', 'รพ.ป่าตอง', 'M2', 11, '83', 'ภูเก็ต', 'M2', 'M2'),
	('11356', 'รพ.ถลาง', 'F1', 11, '83', 'ภูเก็ต', 'F1', 'F1'),
	('11357', 'รพ.กาญจนดิษฐ์', 'M2', 11, '84', 'สุราษฎร์ธานี', 'M2', 'M2'),
	('11358', 'รพ.ดอนสัก', 'F2', 11, '84', 'สุราษฎร์ธานี', 'F2', 'F2'),
	('11359', 'รพ.เกาะพงัน', 'F2', 11, '84', 'สุราษฎร์ธานี', 'F2', 'F2'),
	('11360', 'รพ.ไชยา', 'M2', 11, '84', 'สุราษฎร์ธานี', 'M2', 'M2'),
	('11361', 'รพ.ท่าชนะ', 'F2', 11, '84', 'สุราษฎร์ธานี', 'F2', 'F2'),
	('11362', 'รพ.คีรีรัฐนิคม', 'F2', 11, '84', 'สุราษฎร์ธานี', 'F2', 'F2'),
	('11363', 'รพ.บ้านตาขุน', 'F3', 11, '84', 'สุราษฎร์ธานี', 'F3', 'F3'),
	('11364', 'รพ.พนม', 'F2', 11, '84', 'สุราษฎร์ธานี', 'F2', 'F2'),
	('11365', 'รพ.ท่าฉาง', 'F2', 11, '84', 'สุราษฎร์ธานี', 'F2', 'F2'),
	('11366', 'รพ.บ้านนาสาร', 'M2', 11, '84', 'สุราษฎร์ธานี', 'M2', 'M2'),
	('11367', 'รพ.บ้านนาเดิม', 'F2', 11, '84', 'สุราษฎร์ธานี', 'F2', 'F2'),
	('11368', 'รพ.เคียนซา', 'F2', 11, '84', 'สุราษฎร์ธานี', 'F2', 'F2'),
	('11369', 'รพ.พระแสง', 'F2', 11, '84', 'สุราษฎร์ธานี', 'F2', 'F2'),
	('11370', 'รพ.พุนพิน', 'F2', 11, '84', 'สุราษฎร์ธานี', 'F2', 'F2'),
	('11371', 'รพ.ชัยบุรี', 'F2', 11, '84', 'สุราษฎร์ธานี', 'F2', 'F2'),
	('11372', 'รพ.กะเปอร์', 'F2', 11, '85', 'ระนอง', 'F2', 'F2'),
	('11373', 'รพ.กระบุรี', 'F2', 11, '85', 'ระนอง', 'F2', 'F2'),
	('11374', 'รพ.สุขสำราญ', 'F3', 11, '85', 'ระนอง', 'F3', 'F3'),
	('11375', 'รพ.ปากน้ำชุมพร', 'F3', 11, '86', 'ชุมพร', 'F3', 'F3'),
	('11376', 'รพ.ท่าแซะ', 'F2', 11, '86', 'ชุมพร', 'F2', 'F2'),
	('11377', 'รพ.ปะทิว', 'F2', 11, '86', 'ชุมพร', 'F2', 'F2'),
	('11378', 'รพ.มาบอำมฤต', 'F3', 11, '86', 'ชุมพร', 'F3', 'F3'),
	('11379', 'รพ.หลังสวน', 'M2', 11, '86', 'ชุมพร', 'M2', 'M2'),
	('11380', 'รพ.ปากน้ำหลังสวน', 'F3', 11, '86', 'ชุมพร', 'F3', 'F3'),
	('11381', 'รพ.ละแม', 'F2', 11, '86', 'ชุมพร', 'F2', 'F2'),
	('11382', 'รพ.พะโต๊ะ', 'F2', 11, '86', 'ชุมพร', 'F2', 'F2'),
	('11383', 'รพ.สวี', 'F2', 11, '86', 'ชุมพร', 'F2', 'F2'),
	('11385', 'รพ.ทุ่งตะโก', 'F3', 11, '86', 'ชุมพร', 'F3', 'F3'),
	('11386', 'รพ.สทิงพระ', 'F2', 12, '90', 'สงขลา', 'F2', 'F2'),
	('11387', 'รพ.จะนะ', 'F2', 12, '90', 'สงขลา', 'F2', 'F2'),
	('11388', 'รพ.สมเด็จพระบรมราชินีนาถ ณ อำเภอนาทวี', 'M2', 12, '90', 'สงขลา', 'M2', 'M2'),
	('11390', 'รพ.เทพา', 'F2', 12, '90', 'สงขลา', 'F2', 'F2'),
	('11391', 'รพ.สะบ้าย้อย', 'F2', 12, '90', 'สงขลา', 'F2', 'F2'),
	('11392', 'รพ.ระโนด', 'F1', 12, '90', 'สงขลา', 'F1', 'F1'),
	('11393', 'รพ.กระแสสินธุ์', 'F2', 12, '90', 'สงขลา', 'F2', 'F2'),
	('11394', 'รพ.รัตภูมิ', 'F2', 12, '90', 'สงขลา', 'F2', 'F2'),
	('11395', 'รพ.สะเดา', 'F2', 12, '90', 'สงขลา', 'F2', 'F2'),
	('11396', 'รพ.นาหม่อม', 'F2', 12, '90', 'สงขลา', 'F2', 'F2'),
	('11397', 'รพ.ควนเนียง', 'F2', 12, '90', 'สงขลา', 'F2', 'F2'),
	('11398', 'รพ.ปาดังเบซาร์', 'F2', 12, '90', 'สงขลา', 'F2', 'F2'),
	('11399', 'รพ.บางกล่ำ', 'F2', 12, '90', 'สงขลา', 'F2', 'F2'),
	('11400', 'รพ.สิงหนคร', 'F2', 12, '90', 'สงขลา', 'F2', 'F2'),
	('11401', 'รพ.คลองหอยโข่ง', 'F2', 12, '90', 'สงขลา', 'F2', 'F2'),
	('11402', 'รพ.ควนโดน', 'F2', 12, '91', 'สตูล', 'F2', 'F2'),
	('11403', 'รพ.ควนกาหลง', 'F2', 12, '91', 'สตูล', 'F2', 'F2'),
	('11404', 'รพ.ท่าแพ', 'F2', 12, '91', 'สตูล', 'F2', 'F2'),
	('11405', 'รพ.ละงู', 'F1', 12, '91', 'สตูล', 'F1', 'F1'),
	('11406', 'รพ.ทุ่งหว้า', 'F2', 12, '91', 'สตูล', 'F2', 'F2'),
	('11407', 'รพ.กันตัง', 'F2', 12, '92', 'ตรัง', 'F2', 'F2'),
	('11408', 'รพ.ย่านตาขาว', 'F1', 12, '92', 'ตรัง', 'F1', 'F1'),
	('11409', 'รพ.ปะเหลียน', 'F2', 12, '92', 'ตรัง', 'F2', 'F2'),
	('11410', 'รพ.สิเกา', 'F2', 12, '92', 'ตรัง', 'F2', 'F2'),
	('11411', 'รพ.ห้วยยอด', 'M2', 12, '92', 'ตรัง', 'M2', 'M2'),
	('11412', 'รพ.วังวิเศษ', 'F2', 12, '92', 'ตรัง', 'F2', 'F2'),
	('11413', 'รพ.นาโยง', 'F2', 12, '92', 'ตรัง', 'F2', 'F2'),
	('11414', 'รพ.กงหรา', 'F2', 12, '93', 'พัทลุง', 'F2', 'F2'),
	('11415', 'รพ.เขาชัยสน', 'F2', 12, '93', 'พัทลุง', 'F2', 'F2'),
	('11416', 'รพ.ตะโหมด', 'F1', 12, '93', 'พัทลุง', 'F1', 'F1'),
	('11417', 'รพ.ควนขนุน', 'M2', 12, '93', 'พัทลุง', 'M2', 'M2'),
	('11418', 'รพ.ปากพะยูน', 'F2', 12, '93', 'พัทลุง', 'F2', 'F2'),
	('11419', 'รพ.ศรีบรรพต', 'F2', 12, '93', 'พัทลุง', 'F2', 'F2'),
	('11420', 'รพ.ป่าบอน', 'F2', 12, '93', 'พัทลุง', 'F2', 'F2'),
	('11421', 'รพ.บางแก้ว', 'F2', 12, '93', 'พัทลุง', 'F2', 'F2'),
	('11422', 'รพ.ป่าพะยอม', 'F2', 12, '93', 'พัทลุง', 'F2', 'F2'),
	('11423', 'รพ.โคกโพธิ์', 'F1', 12, '94', 'ปัตตานี', 'F1', 'F1'),
	('11424', 'รพ.หนองจิก', 'F2', 12, '94', 'ปัตตานี', 'F2', 'F2'),
	('11425', 'รพ.ปะนาเระ', 'F2', 12, '94', 'ปัตตานี', 'F2', 'F2'),
	('11426', 'รพ.มายอ', 'F2', 12, '94', 'ปัตตานี', 'F2', 'F2'),
	('11427', 'รพ.ทุ่งยางแดง', 'F2', 12, '94', 'ปัตตานี', 'F2', 'F2'),
	('11428', 'รพ.ไม้แก่น', 'F2', 12, '94', 'ปัตตานี', 'F2', 'F2'),
	('11429', 'รพ.ยะหริ่ง', 'F2', 12, '94', 'ปัตตานี', 'F2', 'F2'),
	('11430', 'รพ.ยะรัง', 'F2', 12, '94', 'ปัตตานี', 'F2', 'F2'),
	('11431', 'รพ.แม่ลาน', 'F2', 12, '94', 'ปัตตานี', 'F2', 'F2'),
	('11432', 'รพ.บันนังสตา', 'F2', 12, '95', 'ยะลา', 'F2', 'F2'),
	('11433', 'รพ.ธารโต', 'F2', 12, '95', 'ยะลา', 'F2', 'F2'),
	('11434', 'รพ.รามัน', 'F1', 12, '95', 'ยะลา', 'F1', 'F1'),
	('11435', 'รพ.ตากใบ', 'F1', 12, '96', 'นราธิวาส', 'F1', 'F1'),
	('11436', 'รพ.บาเจาะ', 'F2', 12, '96', 'นราธิวาส', 'F2', 'F2'),
	('11437', 'รพ.ระแงะ', 'F1', 12, '96', 'นราธิวาส', 'F1', 'F1'),
	('11438', 'รพ.รือเสาะ', 'F2', 12, '96', 'นราธิวาส', 'F2', 'F2'),
	('11439', 'รพ.ศรีสาคร', 'F2', 12, '96', 'นราธิวาส', 'F2', 'F2'),
	('11440', 'รพ.แว้ง', 'F2', 12, '96', 'นราธิวาส', 'F2', 'F2'),
	('11441', 'รพ.สุคิริน', 'F2', 12, '96', 'นราธิวาส', 'F2', 'F2'),
	('11442', 'รพ.สุไหงปาดี', 'F2', 12, '96', 'นราธิวาส', 'F2', 'F2'),
	('11443', 'รพ.สมเด็จพระยุพราชเดชอุดม', 'M1', 10, '34', 'อุบลราชธานี', 'M1รพช', 'M1'),
	('11444', 'รพ.สมเด็จพระยุพราชเลิงนกทา', 'F1', 10, '35', 'ยโสธร', 'F1', 'F1'),
	('11445', 'รพ.สมเด็จพระยุพราชกระนวน', 'M2', 7, '40', 'ขอนแก่น', 'M2', 'M2'),
	('11446', 'รพ.สมเด็จพระยุพราชบ้านดุง', 'F1', 8, '41', 'อุดรธานี', 'F1', 'F1'),
	('11447', 'รพ.สมเด็จพระยุพราชด่านซ้าย', 'M2', 8, '42', 'เลย', 'M2', 'M2'),
	('11448', 'รพ.สมเด็จพระยุพราชท่าบ่อ', 'M2', 8, '43', 'หนองคาย', 'M2', 'M2'),
	('11449', 'รพ.สมเด็จพระยุพราชกุฉินารายณ์', 'M2', 7, '46', 'กาฬสินธุ์', 'M2', 'M2'),
	('11450', 'รพ.สมเด็จพระยุพราชสว่างแดนดิน', 'M1', 8, '47', 'สกลนคร', 'M1รพช', 'M1'),
	('11451', 'รพ.สมเด็จพระยุพราชธาตุพนม', 'M2', 8, '48', 'นครพนม', 'M2', 'M2'),
	('11452', 'รพ.สมเด็จพระยุพราชเด่นชัย', 'F1', 1, '54', 'แพร่', 'F1', 'F1'),
	('11453', 'รพ.สมเด็จพระยุพราชปัว', 'M2', 1, '55', 'น่าน', 'M2', 'M2'),
	('11454', 'รพ.สมเด็จพระยุพราชเชียงของ', 'F1', 1, '57', 'เชียงราย', 'F1', 'F1'),
	('11455', 'รพ.สมเด็จพระยุพราชนครไทย', 'M2', 2, '65', 'พิษณุโลก', 'M2', 'M2'),
	('11456', 'รพ.สมเด็จพระยุพราชตะพานหิน', 'M2', 3, '66', 'พิจิตร', 'M2', 'M2'),
	('11457', 'รพ.สมเด็จพระยุพราชหล่มเก่า', 'F1', 2, '67', 'เพชรบูรณ์', 'F1', 'F1'),
	('11458', 'รพ.สมเด็จพระยุพราชจอมบึง', 'F1', 5, '70', 'ราชบุรี', 'F1', 'F1'),
	('11459', 'รพ.สมเด็จพระยุพราชเวียงสระ', 'M2', 11, '84', 'สุราษฎร์ธานี', 'M2', 'M2'),
	('11460', 'รพ.สมเด็จพระยุพราชสายบุรี', 'M2', 12, '94', 'ปัตตานี', 'M2', 'M2'),
	('11461', 'รพ.สมเด็จพระยุพราชยะหา', 'F1', 12, '95', 'ยะลา', 'F1', 'F1'),
	('11464', 'รพ.กะพ้อ', 'F2', 12, '94', 'ปัตตานี', 'F2', 'F2'),
	('11602', 'รพ.เฉลิมพระเกียรติสมเด็จย่า 100 ปี เมืองยาง', 'F2', 9, '30', 'นครราชสีมา', 'F2', 'F2'),
	('11608', 'รพ.ลำทะเมนชัย', 'F2', 9, '30', 'นครราชสีมา', 'F2', 'F2'),
	('11619', 'รพ.เฉลิมพระเกียรติ', 'F2', 9, '31', 'บุรีรัมย์', 'F2', 'F3'),
	('11625', 'รพ.เฉลิมพระเกียรติ', 'F2', 1, '55', 'น่าน', 'F2', 'F2'),
	('11631', 'รพ.วชิรบารมี', 'F2', 3, '66', 'พิจิตร', 'F2', 'F2'),
	('11643', 'รพ.ดอยหล่อ', 'F2', 1, '50', 'เชียงใหม่', 'F2', 'F2'),
	('11654', 'รพ.วิภาวดี', 'F2', 11, '84', 'สุราษฎร์ธานี', 'F2', 'F2'),
	('11660', 'รพ.จุฬาภรณ์', 'F2', 11, '80', 'นครศรีธรรมราช', 'F2', 'F2'),
	('12275', 'รพ.สิรินธร(ภาคตะวันออกเฉียงเหนือ)', 'M1', 7, '40', 'ขอนแก่น', 'M1รพท', 'M1'),
	('13747', 'รพ.ราชสาส์น', 'F2', 6, '24', 'ฉะเชิงเทรา', 'F2', 'F2'),
	('13806', 'รพ.กาบัง', 'F2', 12, '95', 'ยะลา', 'F2', 'F2'),
	('13816', 'รพ.เกาะช้าง', 'F2', 6, '23', 'ตราด', 'F2', 'F2'),
	('13817', 'รพ.เขาฉกรรจ์', 'F2', 6, '27', 'สระแก้ว', 'F2', 'F2'),
	('13818', 'รพ.จะแนะ', 'F2', 12, '96', 'นราธิวาส', 'F2', 'F2'),
	('13819', 'รพ.หลวงพ่อเปิ่น', 'F2', 5, '73', 'นครปฐม', 'F2', 'F2'),
	('14132', 'รพ.ซำสูง', 'F2', 7, '40', 'ขอนแก่น', 'F2', 'F2'),
	('14133', 'รพ.เอราวัณ', 'F2', 8, '42', 'เลย', 'F2', 'F2'),
	('14135', 'รพ.บึงสามัคคี', 'F2', 3, '62', 'กำแพงเพชร', 'F2', 'F2'),
	('14136', 'รพ.ศุกร์ศิริศรีสวัสดิ์', 'F3', 5, '71', 'กาญจนบุรี', 'F3', 'F3'),
	('14138', 'รพ.ท่าโรงช้าง', 'M2', 11, '84', 'สุราษฎร์ธานี', 'M2', 'M2'),
	('14139', 'รพ.รัษฎา', 'F2', 12, '92', 'ตรัง', 'F2', 'F2'),
	('15010', 'รพ.เจาะไอร้อง', 'F2', 12, '96', 'นราธิวาส', 'F2', 'F2'),
	('15012', 'รพ.สมเด็จพระญาณสังวร', 'F2', 1, '57', 'เชียงราย', 'F2', 'F2'),
	('21323', 'รพ.พระอาจารย์แบน ธนากโร', 'F2', 8, '47', 'สกลนคร', 'F2', 'F2'),
	('21356', 'รพ.สระใคร', 'F3', 8, '43', 'หนองคาย', 'F3', 'F3'),
	('21948', 'รพ.ห้วยกระเจาเฉลิมพระเกียรติ 80 พรรษา', 'F2', 5, '71', 'กาญจนบุรี', 'F2', 'F2'),
	('21984', 'รพ.๕๐ พรรษา มหาวชิราลงกรณ์', 'S', 10, '34', 'อุบลราชธานี', 'S<=300เตียง', 's'),
	('22302', 'รพ.พนมดงรักเฉลิมพระเกียรติ 80 พรรษา', 'F2', 9, '32', 'สุรินทร์', 'F2', 'F2'),
	('22456', 'รพ.พระทองคำเฉลิมพระเกียรติ 80 พรรษา', 'F2', 9, '30', 'นครราชสีมา', 'F2', 'F2'),
	('22734', 'รพ.เขาชะเมาเฉลิมพระเกียรติ 80 พรรษา', 'F2', 6, '21', 'ระยอง', 'F2', 'F2'),
	('23125', 'รพ.เบญจลักษ์เฉลิมพระเกียรติ 80 พรรษา', 'F2', 10, '33', 'ศรีสะเกษ', 'F2', 'F2'),
	('23367', 'รพ.นาวังเฉลิมพระเกียรติ 80 พรรษา', 'F2', 8, '39', 'หนองบัวลำภู', 'F2', 'F2'),
	('23578', 'รพ.แคนดงเฉลิมพระเกียรติ 80 พรรษา', 'F3', 9, '31', 'บุรีรัมย์', 'F3', 'F3'),
	('23736', 'รพ.วัดจันทร์เฉลิมพระเกียรติ 80 พรรษา', 'F3', 1, '50', 'เชียงใหม่', 'F3', 'F3'),
	('23771', 'รพ.ยี่งอเฉลิมพระเกียรติ 80 พรรษา', 'F2', 12, '96', 'นราธิวาส', 'F2', 'F2'),
	('23839', 'รพ.เทพรัตน์นครราชสีมา', 'M1', 9, '30', 'นครราชสีมา', 'M1รพช', 'M1'),
	('23962', 'รพ.นิคมพัฒนา', 'F2', 6, '21', 'ระยอง', 'F2', 'F2'),
	('24032', 'รพ.นาตาล', 'F3', 10, '34', 'อุบลราชธานี', 'F3', 'F3'),
	('24673', 'รพ.ศรีนครินทร์(ปัญญานันทภิกขุ)', 'F3', 12, '93', 'พัทลุง', 'F3', 'F3'),
	('24689', 'รพ.กรงปินัง', 'F2', 12, '95', 'ยะลา', 'F2', 'F2'),
	('24692', 'รพ.เฉลิมพระเกียรติ', 'F3', 9, '30', 'นครราชสีมา', 'F3', ''),
	('24704', 'รพ.กุดรัง', 'F3', 7, '44', 'มหาสารคาม', 'F3', 'F3'),
	('24821', 'รพ.นาเยีย', 'F3', 10, '34', 'อุบลราชธานี', 'F3', 'F3'),
	('24956', 'รพ.เวียงหนองล่อง', 'F3', 1, '51', 'ลำพูน', 'F3', 'F3'),
	('25017', 'รพ.ภูเพียง', 'F3', 1, '55', 'น่าน', 'F3', 'F3'),
	('25058', 'รพ.กู่แก้ว', 'F3', 8, '41', 'อุดรธานี', 'F3', 'F3'),
	('25059', 'รพ.ประจักษ์ศิลปาคม', 'F3', 8, '41', 'อุดรธานี', 'F3', 'F3'),
	('27443', 'รพ.วังเจ้า', 'F3', 2, '63', 'ตาก', 'F3', 'F3'),
	('27839', 'รพ.บัวลาย', 'F3', 9, '30', 'นครราชสีมา', 'F3', 'F3'),
	('27840', 'รพ.สีดา', 'F3', 9, '30', 'นครราชสีมา', 'F3', 'F3'),
	('27841', 'รพ.เทพารักษ์', 'F3', 9, '30', 'นครราชสีมา', 'F3', 'F3'),
	('27842', 'รพ.เขวาสินรินทร์', 'F3', 9, '32', 'สุรินทร์', 'F3', 'F3'),
	('27843', 'รพ.ศรีณรงค์', 'F3', 9, '32', 'สุรินทร์', 'F3', 'F3'),
	('27844', 'รพ.โนนนารายณ์', 'F3', 9, '32', 'สุรินทร์', 'F3', 'F3'),
	('27967', 'รพ.สว่างวีระวงศ์', 'F3', 10, '34', 'อุบลราชธานี', 'F3', 'F3'),
	('27968', 'รพ.น้ำขุ่น', 'F3', 10, '34', 'อุบลราชธานี', 'F3', 'F3'),
	('27974', 'รพ.หนองมะโมง', 'F3', 3, '18', 'ชัยนาท', 'F3', 'F3'),
	('27975', 'รพ.เนินขาม', 'F3', 3, '18', 'ชัยนาท', 'F3', 'F3'),
	('27976', 'รพ.เหล่าเสือโก้ก', 'F3', 10, '34', 'อุบลราชธานี', 'F3', 'F3'),
	('27978', 'รพ.สากเหล็ก', 'F3', 3, '66', 'พิจิตร', 'F3', 'F3'),
	('27979', 'รพ.บึงนาราง', 'F3', 3, '66', 'พิจิตร', 'F3', 'F3'),
	('27980', 'รพ.ดงเจริญ', 'F3', 3, '66', 'พิจิตร', 'F3', 'F3'),
	('27988', 'รพ.ทุ่งเขาหลวง', 'F3', 7, '45', 'ร้อยเอ็ด', 'F3', 'F3'),
	('27989', 'รพ.เชียงขวัญ', 'F3', 7, '45', 'ร้อยเอ็ด', 'F3', 'F3'),
	('27990', 'รพ.หนองฮี', 'F3', 7, '45', 'ร้อยเอ็ด', 'F3', 'F3'),
	('28006', 'รพ.เกาะจันทร์', 'F3', 6, '20', 'ชลบุรี', 'F3', 'F3'),
	('28010', 'รพ.โกสัมพีนคร', 'F3', 3, '62', 'กำแพงเพชร', 'F3', 'F3'),
	('28014', 'รพ.พยุห์', 'F3', 10, '33', 'ศรีสะเกษ', 'F3', 'F3'),
	('28015', 'รพ.โพธิ์ศรีสุวรรณ', 'F3', 10, '33', 'ศรีสะเกษ', 'F3', 'F3'),
	('28016', 'รพ.ศิลาลาด', 'F3', 10, '33', 'ศรีสะเกษ', 'F3', 'F3'),
	('28017', 'รพ.นาคู', 'F3', 7, '46', 'กาฬสินธุ์', 'F3', 'F3'),
	('28020', 'รพ.บ้านด่าน', 'F3', 9, '31', 'บุรีรัมย์', 'F3', 'F3'),
	('28778', 'รพ.โพธิ์ตาก', 'F3', 8, '43', 'หนองคาย', 'F3', 'F3'),
	('28785', 'รพ.บางเสาธง', 'F3', 6, '11', 'สมุทรปราการ', 'F3', 'F3'),
	('28786', 'รพ.มะนัง', 'F3', 12, '91', 'สตูล', 'F3', 'F3'),
	('28789', 'รพ.ฆ้องชัย', 'F3', 7, '46', 'กาฬสินธุ์', 'F3', 'F3'),
	('28790', 'รพ.ดอนจาน', 'F3', 7, '46', 'กาฬสินธุ์', 'F3', 'F3'),
	('28791', 'รพ.สามชัย', 'F3', 7, '46', 'กาฬสินธุ์', 'F3', 'F3'),
	('28811', 'รพ.เฝ้าไร่', 'F3', 8, '43', 'หนองคาย', 'F3', 'F3'),
	('28815', 'รพ.รัตนวาปี', 'F3', 8, '43', 'หนองคาย', 'F3', 'F3'),
	('28817', 'รพ.หาดสำราญเฉลิมพระเกียรติ 80 พรรษา', 'F3', 12, '92', 'ตรัง', 'F3', 'F3'),
	('28823', 'รพ.ดอยหลวง', 'F3', 1, '57', 'เชียงราย', 'F3', 'F3'),
	('28843', 'รพ.ชื่นชม', 'F3', 7, '44', 'มหาสารคาม', 'F3', 'F3'),
	('28849', 'รพ.วังสมบูรณ์', 'F3', 6, '27', 'สระแก้ว', 'F3', ''),
	('28850', 'รพ.โคกสูง', 'F3', 6, '27', 'สระแก้ว', 'F3', ''),
	('28858', 'รพ.บ้านคา', 'F3', 5, '70', 'ราชบุรี', 'F3', ''),
	('28861', 'รพ.หนองหิน', 'F3', 8, '42', 'เลย', 'F3', ''),
	('28875', 'รพ.บางบัวทอง ๒', 'F3', 4, '12', 'นนทบุรี', 'F3', 'F3'),
	('31327', 'รพ.คลองเขื่อน', 'F3', 6, '24', 'ฉะเชิงเทรา', 'F3', ''),
	('77753', 'รพ.เกาะพีพี', 'F3', 11, '81', 'กระบี่', 'F3', 'F3');
/*!40000 ALTER TABLE `hospital` ENABLE KEYS */;


-- Dumping structure for table moph.kpi
DROP TABLE IF EXISTS `kpi`;
CREATE TABLE IF NOT EXISTS `kpi` (
  `id` int(11) NOT NULL,
  `kpiname` varchar(255) DEFAULT NULL,
  `kpidesc` text,
  `acol` varchar(255) DEFAULT NULL,
  `bcol` varchar(255) DEFAULT NULL,
  `target` decimal(10,2) DEFAULT NULL,
  PRIMARY KEY (`id`)
) ENGINE=MyISAM DEFAULT CHARSET=tis620;

-- Dumping data for table moph.kpi: 10 rows
/*!40000 ALTER TABLE `kpi` DISABLE KEYS */;
INSERT INTO `kpi` (`id`, `kpiname`, `kpidesc`, `acol`, `bcol`, `target`) VALUES
	(1, 'ร้อยละของเด็กอายุ 5 ปี ที่ได้รับวัคซีน DTP5 ', 'เพื่อประเมินความครอบคลุมการได้รับวัคซีน DTP5ในเด็กอายุ 5 ปี ทุกสิทธิประกันสุขภาพ\r\n\r\n', ' จำนวนเด็กอายุครบ 5 ปี ที่ได้รับวัคซีน DTP5', ' จำนวนเด็กอายุครบ 5 ปี ที่อยู่ในเขตรับผิดชอบ', 90.00),
	(2, 'ร้อยละของสตรี 30-60 ปี ได้รับการตรวจคัดกรองมะเร็งปากมดลูก ภายใน 5 ปี', 'กลุ่มเป้าหมาย หมายถึง สตรีสัญชาติไทยทุกสิทธิที่มีอายุ 30 - 60 ปี ในปีพ.ศ. 2557 (เกิดในปี พ.ศ. 2497 - 2527) ในเขตรับผิดชอบ\r\nการตรวจปากมดลูกหมายถึงการตรวจทั้งโดยวิธี Pap Smear และ VIA  \r\n- Pap Smear หมายถึง การตรวจโดยการเก็บหรือป้ายเอาเซลล์จากปากมดลูกไปป้ายลงบนแผ่นสไลด์ทำการย้อมสีและอ่านผล โดยบุคลากรเซลล์วิทยา\r\n- VIA  (Visual Inspection with Acetic acid) หมายถึง วิธีคัดกรองมะเร็งปากมดลูกโดยใช้น้ำส้มสายชูชนิดเจือจางป้ายที่บริเวณปากมดลูกทิ้งไว้ 1 นาทีน้ำส้มสายชูจะไปทำปฏิกิริยากับเนื้อเยื่อที่ผิดปกติของปากมดลูกให้เห็นเป็นฝ้าขาวขอบเขตชัดเจนและตำแหน่งแน่นอน สามารถมองเห็นด้วยตาเปล่า ซึ่งไม่ได้หมายความว่าเป็นมะเร็งแต่ถ้าปล่อยไว้ไม่ได้รับการรักษาอาจกลายเป็นมะเร็งได้ซึ่งเหมาะสำหรับในการคัดกรองสำหรับสตรีอายุ 30-45ปี\r\n', ' จำนวนสตรีอายุ 30-60 ปีทุกสิทธิในเขตรับผิดชอบ ที่ได้รับการตรวจมะเร็งปากมดลูกรายใหม่สะสม ตั้งแต่ 1 ตุลาคม 2554 - 31 มีนาคม 2559', ' จำนวนสตรีอายุ 30-60 ปีทุกสิทธิในเขตรับผิดชอบ', 80.00),
	(3, 'ร้อยละของหญิงตั้งครรภ์ได้รับการฝากครรภ์ครั้งแรกก่อนหรือเท่ากับ 12 สัปดาห์ ', 'หญิงมีครรภ์ทุกสิทธิประกันสุขภาพที่ฝากครรภ์ครั้งแรกโดยอายุครรภ์ต้องไม่เกิน 12 สัปดาห์', ' จำนวนหญิงมีครรภ์ทุกรายในหน่วยบริการที่มาฝากครรภ์ครั้งแรกโดยอายุครรภ์ไม่ เกิน 12สัปดาห์ (ระหว่าง 1 เมษายน 2558 ? 31 มีนาคม 2559)', ' จำนวนหญิงมีครรภ์ทุกรายที่มารับบริการฝากครรภ์ ในหน่วยบริการทั้งหมดในช่วง ระหว่าง ระหว่าง 1 เมษายน 2558 ? 31 มีนาคม 2559 ', 60.00),
	(4, 'ร้อยละของหญิงมีครรภ์ได้รับการฝากครรภ์ครบ 5 ครั้งตามเกณฑ์', 'หญิงตั้งครรรภ์ทุกสิทธิประกันสุขภาพได้รับการฝากครรภ์ครบ 5 ครั้งตามเกณฑ์หมายถึงหญิงตั้งครรภ์ที่มีประวัติมาฝากครรภ์ตามนัด จำนวน 5 ครั้งตามระยะเวลาดังนี้\r\nช่วงที่ 1 ก่อนอายุครรภ์ ภายใน 12 สัปดาห์\r\nช่วงที่ 2 เมื่ออายุครรภ์ 18 สัปดาห์ (บวก/ลบ ได้ 2 สัปดาห์)\r\nช่วงที่ 3 เมื่อายุครรภ์ 26 สัปดาห์ (บวก/ลบ ได้ 2 สัปดาห์)\r\nช่วงที่ 4 เมื่ออายุครรภ์ 32 สัปดาห์ (บวก/ลบ ได้ 2 สัปดาห์)\r\nช่วงที่ 5 เมื่ออายุครรภ์ 38 สัปดาห์ (บวก/ลบ ได้ 2 สัปดาห์)\r\n', ' จำนวนหญิงคลอดแล้วทุกสิทธิประกันสุขภาพระหว่าง ระหว่าง 1 เมษายน 2558 ? 31 มีนาคม 2559 ที่มีประวัติได้รับการดูแลก่อนคลอดครบทั้ง 5 ครั้งตามเกณฑ์ ', ' จำนวนหญิงคลอดบุตรแล้วทุกสิทธิ ในเขตรับผิดชอบ ระหว่าง 1 เมษายน 2558 ? 31 มีนาคม 2559', 60.00),
	(5, 'ร้อยละประชาชนอายุตั้งแต่ 35 ปีขึ้นไปได้รับการคัดกรองความดันโลหิต', 'หลักเกณฑ์การคัดกรองเบาหวาน/ความดันโลหิตสูงสำหรับกลุ่มอายุ 35-59 ปี\r\nการคัดกรองเบาหวานด้วยวาจา และตรวจน้ำตาลในเลือด(Fasting plasma glucose หรือ Fasting capillary glucose) เมื่อมีความเสี่ยงตั้งแต่ 1 ข้อขึ้นไปต้องได้รับการตรวจเลือด เกณฑ์การคัดกรองมี 6 ข้อ ดังนี้\r\n1 มีภาวะน้ำหนักเกินและอ้วน (รอบเอว ?90 ซม. ในผู้ชาย หรือ ?80 ซม.ในผู้หญิงและ/หรือดัชนีมวลกาย ? 25 กก./ม.2)\r\n2 มีประวัติ พ่อ แม่ พี่ น้อง เป็นโรคเบาหวาน\r\n3 มีความดันโลหิตสูง (BP  > 140/90 มม.ปรอท)หรือมีประวัติเป็นโรคความดันโลหิตสูงหรือรับประทานยาควบคุมความดันโลหิตสูง\r\n4 มีประวัติไขมันในเลือดผิดปกติ (ไตรกลีเซอร์ไรด์? 250 มก./ดลและ/หรือ เอส ดีแอล คลอเลสเตอรอล< 35 มก./ดล.\r\n5 ประวัติมีน้ำตาลในเลือดสูง (ระดับน้ำตาลในเลือดหลังอดอาหาร (FPG/FCG) = 100-125 มก./ดล. หรือระดับน้ำตาลในเลือดหลังดื่มน้ำตาลกลูโคส 2 ชั่วโมง(OGTT) =140-199 มก./ดล.)\r\n6 ประวัติเป็นเบาหวานขณะตั้งครรภ์หรือเคยคลอดบุตรที่มีน้ำหนักแรกคลอดมากกว่า 4 กิโลกรัมการคัดกรองความดันโลหิตสูง หมายถึง การตรวจคัดกรองความดันโลหิตตามมาตรฐานหลังการคัดกรองเบาหวาน/ความดันโลหิตแจ้งผลโอกาสเสี่ยง และแนวทางการปฏิบัติตนตามสถานะความเสี่ยง\r\n', ' จำนวนประชาชนไทยอายุตั้งแต่ 35 ปีขี้นไป ได้รับการคัดกรอง HT ตามมาตรฐาน ในช่วงระหว่าง 1 เมษายน 2558 ? 31 มีนาคม 2559', ' จำนวนประชาชนไทยอายุ ตั้งแต่ 35 ปีขี้นไป ทั้งหมดในเขตพื้นที่รับผิดชอบของหน่วยบริการในช่วงระยะเวลาเดียวกัน', 60.00),
	(6, 'ร้อยละประชาชนอายุตั้งแต่ 35 ปีขึ้นไปได้รับการคัดกรองเบาหวาน ', 'หลักเกณฑ์การคัดกรองเบาหวาน/ความดันโลหิตสูงสำหรับกลุ่มอายุ 35-59 ปี\r\nการคัดกรองเบาหวานด้วยวาจา และตรวจน้ำตาลในเลือด(Fasting plasma glucose หรือ Fasting capillary glucose) เมื่อมีความเสี่ยงตั้งแต่ 1 ข้อขึ้นไปต้องได้รับการตรวจเลือด เกณฑ์การคัดกรองมี 6 ข้อ ดังนี้\r\n1 มีภาวะน้ำหนักเกินและอ้วน (รอบเอว ?90 ซม. ในผู้ชาย หรือ ?80 ซม.ในผู้หญิงและ/หรือดัชนีมวลกาย ? 25 กก./ม.2)\r\n2 มีประวัติ พ่อ แม่ พี่ น้อง เป็นโรคเบาหวาน\r\n3 มีความดันโลหิตสูง (BP  > 140/90 มม.ปรอท)หรือมีประวัติเป็นโรคความดันโลหิตสูงหรือรับประทานยาควบคุมความดันโลหิตสูง\r\n4 มีประวัติไขมันในเลือดผิดปกติ (ไตรกลีเซอร์ไรด์? 250 มก./ดลและ/หรือ เอส ดีแอล คลอเลสเตอรอล< 35 มก./ดล.\r\n5 ประวัติมีน้ำตาลในเลือดสูง (ระดับน้ำตาลในเลือดหลังอดอาหาร (FPG/FCG) = 100-125 มก./ดล. หรือระดับน้ำตาลในเลือดหลังดื่มน้ำตาลกลูโคส 2 ชั่วโมง(OGTT) =140-199 มก./ดล.)\r\n6 ประวัติเป็นเบาหวานขณะตั้งครรภ์หรือเคยคลอดบุตรที่มีน้ำหนักแรกคลอดมากกว่า 4 กิโลกรัมการคัดกรองความดันโลหิตสูง หมายถึง การตรวจคัดกรองความดันโลหิตตามมาตรฐานหลังการคัดกรองเบาหวาน/ความดันโลหิตแจ้งผลโอกาสเสี่ยง และแนวทางการปฏิบัติตนตามสถานะความเสี่ยง\r\n', ' จำนวนประชาชนไทยอายุตั้งแต่ 35 ปีขี้นไป ได้รับการคัดกรอง DM ตามมาตรฐาน ในช่วงระหว่าง 1 เมษายน 2558 ? 31 มีนาคม 2559', ' จำนวนประชาชนไทยอายุ ตั้งแต่ 35 ปีขี้นไป ทั้งหมดในเขตพื้นที่รับผิดชอบของหน่วยบริการในช่วงระยะเวลาเดียวกัน', 60.00),
	(7, 'สัดส่วนการใช้บริการที่หน่วยบริการปฐมภูมิต่อการใช้บริการที่โรงพยาบาล', 'จำนวนผู้มีสิทธิ์ UC ในเขตรับผิดชอบที่ไปใช้บริการที่หน่วยบริการปฐมภูมิ เทียบกับจำนวนผู้มีสิทธิ์ UC ในเขตรับผิดชอบที่ไปใช้บริการที่โรงพยาบาล', ' จำนวนครั้งผู้มีสิทธิ์UC ในเขตรับผิดชอบ ที่ใช้บริการที่หน่วยบริการปฐมภูมิ ', ' จำนวนครั้งผู้มีสิทธิ์UC ในเขตรับผิดชอบ ที่ใช้บริการผู้ป่วยนอกที่โรงพยาบาล', 0.00),
	(8, 'อัตราการรับไว้รักษาในโรงพยาบาล (Admission rate) ด้วยโรคความดันโลหิตสูงหรือภาวะแทรกซ้อนของความดันโลหิตสูง สิทธิ UC', 'จำนวนครั้งของผู้ป่วยโรคความดันโลหิตสูงหรือภาวะแทรกซ้อนของความดันโลหิตสูงสิทธิ UC ที่รับไว้รักษาในโรงพยาบาล ต่อผู้ป่วยความดันโลหิตสูงในเขตพื้นที่รับผิดชอบของหน่วยบริการประจำ (Hmain)', ' จำนวนครั้งที่ผู้ป่วยความดันโลหิตสูงสิทธิ UC เข้ารักษาในโรงพยาบาลด้วยโรคหลักเป็นโรคความดันโลหิตสูงหรือภาวะแทรกซ้อนของ ความดันโลหิตสูง ประกอบด้วย 1. ความดันโลหิตสูงหรือภาวะแทรกซ้อนของความดันโลหิตสูง 2. โรคหลอดเลือดสมอง (Stroke ) ชนิด Haemorrhargและมีโรคร่ว', ' จำนวนผู้ป่วยความดันโลหิตสิทธิ UC ที่อยู่ในความดูแลของหน่วยบริการประจำ (Hmain)', 0.00),
	(9, 'อัตราการรับไว้รักษาในโรงพยาบาล (Admission rate) ด้วยโรคเบาหวานที่มีภาวะแทรกซ้อนระยะสั้นสิทธิ UC', 'จำนวนครั้งของผู้ป่วยโรคเบาหวานที่มีภาวะแทรกซ้อนระยะสั้น Ketoacidosis, Hyperosmolarity, Hypoglycemia, Coma) สิทธิ UC ที่รับไว้รักษาในโรงพยาบาล ต่อผู้ป่วยเบาหวานสิทธิ UC ในเขตพื้นที่รับผิดชอบของหน่วยบริการประจำ (Hmain)', ' จำนวนครั้งที่ผู้ป่วยเบาหวานสิทธิ UC เข้ารักษาในโรงพยาบาลด้วยโรคหลักเป็นโรคเบาหวานที่มีภาวะแทรกซ้อนระยะสั้น สิทธิ UC, and [pdx=(E100-E101 or E110-E111or E120-E121 or E130-E131 or E140-E141)] OR [(pdx = E160 or E162) and (sdx =E10-E14)] OR [(pdx = E160) an', ' จำนวนผู้ป่วยเบาหวานสิทธิ UC ที่อยู่ในความดูแลของหน่วยบริการประจำ (Hmain)', 0.00),
	(10, 'อัตราการรับไว้รักษาในโรงพยาบาล (Admission rate) ด้วยโรคหืด สิทธิ UC', 'จำนวนครั้งของผู้ป่วยโรคหืด สิทธิ UC ที่รับไว้รักษาในโรงพยาบาลต่อผู้ป่วยโรคหืด สิทธิ UC ในเขตพื้นที่รับผิดชอบของหน่วยบริการประจำ (Hmain)', ' จำนวนครั้งที่ผู้ป่วยโรคหืด สิทธิ UC เข้ารักษาในโรงพยาบาลด้วยโรคหลักเป็นโรคหืด', ' จำนวนผู้ป่วยโรคหืดสิทธิ UC ที่อยู่ในความดูแลของหน่วยบริการประจำ (Hmain)', 0.00);
/*!40000 ALTER TABLE `kpi` ENABLE KEYS */;


-- Dumping structure for table moph.kpidata
DROP TABLE IF EXISTS `kpidata`;
CREATE TABLE IF NOT EXISTS `kpidata` (
  `id` int(11) NOT NULL AUTO_INCREMENT,
  `kpiid` int(11) DEFAULT NULL,
  `byear` varchar(4) DEFAULT NULL,
  `divide` int(11) DEFAULT NULL,
  `denom` int(11) DEFAULT NULL,
  `result` decimal(10,2) DEFAULT NULL,
  PRIMARY KEY (`id`)
) ENGINE=MyISAM AUTO_INCREMENT=31 DEFAULT CHARSET=tis620;

-- Dumping data for table moph.kpidata: 30 rows
/*!40000 ALTER TABLE `kpidata` DISABLE KEYS */;
INSERT INTO `kpidata` (`id`, `kpiid`, `byear`, `divide`, `denom`, `result`) VALUES
	(1, 10, '2559', 236, 1418, 16.64),
	(2, 1, '2557', 5442, 6420, 84.77),
	(3, 2, '2557', 16159, 156087, 10.35),
	(4, 3, '2557', 801, 1739, 46.06),
	(5, 4, '2557', 399, 1001, 39.86),
	(6, 5, '2557', 184055, 284895, 64.60),
	(7, 6, '2557', 201015, 323401, 62.16),
	(8, 7, '2557', 383988, 239495, 160.33),
	(9, 8, '2557', 1071, 18954, 5.65),
	(10, 9, '2557', 148, 8990, 1.65),
	(11, 10, '2557', 207, 1262, 16.40),
	(12, 1, '2558', 5878, 6998, 84.00),
	(13, 2, '2558', 17452, 170135, 10.26),
	(14, 3, '2558', 866, 1896, 45.68),
	(15, 4, '2558', 431, 1092, 39.47),
	(16, 5, '2558', 198780, 310536, 64.01),
	(17, 6, '2558', 217097, 352508, 61.59),
	(18, 7, '2558', 414708, 261050, 158.86),
	(19, 8, '2558', 1157, 20660, 5.60),
	(20, 9, '2558', 160, 9800, 1.63),
	(21, 10, '2558', 224, 1376, 16.28),
	(22, 1, '2559', 6172, 7208, 85.63),
	(23, 2, '2559', 18325, 175240, 10.46),
	(24, 3, '2559', 910, 1953, 46.59),
	(25, 4, '2559', 453, 1125, 40.27),
	(26, 5, '2559', 208719, 319853, 65.25),
	(27, 6, '2559', 227952, 363084, 62.78),
	(28, 7, '2559', 435444, 268882, 161.95),
	(29, 8, '2559', 1215, 21280, 5.71),
	(30, 9, '2559', 168, 10094, 1.66);
/*!40000 ALTER TABLE `kpidata` ENABLE KEYS */;


-- Dumping structure for table moph.servplan
DROP TABLE IF EXISTS `servplan`;
CREATE TABLE IF NOT EXISTS `servplan` (
  `servplan` char(5) NOT NULL,
  `goal` decimal(5,2) NOT NULL,
  `sort` int(2) NOT NULL,
  PRIMARY KEY (`servplan`)
) ENGINE=MyISAM DEFAULT CHARSET=tis620;

-- Dumping data for table moph.servplan: 7 rows
/*!40000 ALTER TABLE `servplan` DISABLE KEYS */;
INSERT INTO `servplan` (`servplan`, `goal`, `sort`) VALUES
	('A', 1.60, 1),
	('F1', 0.60, 5),
	('F2', 0.60, 6),
	('F3', 0.60, 7),
	('M1', 1.00, 3),
	('M2', 0.80, 4),
	('S', 1.20, 2);
/*!40000 ALTER TABLE `servplan` ENABLE KEYS */;


-- Dumping structure for table moph.yearselect
DROP TABLE IF EXISTS `yearselect`;
CREATE TABLE IF NOT EXISTS `yearselect` (
  `id` int(11) NOT NULL AUTO_INCREMENT,
  `yearthai` int(4) DEFAULT NULL COMMENT 'ปีพุทธศักราช',
  `yearvalue` int(4) DEFAULT NULL COMMENT 'ปีคริสต์ศักราช',
  PRIMARY KEY (`id`)
) ENGINE=MyISAM AUTO_INCREMENT=4 DEFAULT CHARSET=tis620;

-- Dumping data for table moph.yearselect: 3 rows
/*!40000 ALTER TABLE `yearselect` DISABLE KEYS */;
INSERT INTO `yearselect` (`id`, `yearthai`, `yearvalue`) VALUES
	(1, 2557, 2014),
	(2, 2558, 2015),
	(3, 2559, 2016);
/*!40000 ALTER TABLE `yearselect` ENABLE KEYS */;
/*!40101 SET SQL_MODE=IFNULL(@OLD_SQL_MODE, '') */;
/*!40014 SET FOREIGN_KEY_CHECKS=IF(@OLD_FOREIGN_KEY_CHECKS IS NULL, 1, @OLD_FOREIGN_KEY_CHECKS) */;
/*!40101 SET CHARACTER_SET_CLIENT=@OLD_CHARACTER_SET_CLIENT */;
